good	room,24478
good	location,23725
great	location,23552
great	room,21095
good	value,19605
nice	room,17512
free	internet,13985
lovely	room,13216
great	value,13020
nice	location,12444
great	time,11995
friendly	staff,10715
helpful	staff,10414
great	staff,10362
nice	size,10210
clean	room,8832
wonderful	location,8550
perfect	location,7810
top	floor,7798
good	time,7303
good	size,7222
wonderful	time,7149
wonderful	room,6852
comfortable	room,6130
excellent	staff,6051
comfortable	beds,5849
comfortable	bed,5776
superior	room,5535
fresh	fruit,5503
nice	touch,5350
good	restaurants,5056
reasonable	value,4801
good	quality,4765
perfect	room,4675
top	bar,4462
excellent	room,4397
complimentary	breakfast,4173
great	breakfast,4158
best	time,4120
quiet	location,4051
enough	room,3916
beautiful	room,3895
terrific	staff,3836
good	selection,3680
comfortable	time,3585
nice	time,3516
great	restaurants,3463
excellent	location,3386
good	breakfast,3348
nice	touches,3207
nice	staff,2984
enough	space,2965
quiet	room,2941
best	breakfast,2755
top	notch,2744
good	reviews,2721
spacious	room,2692
modern	decor,2688
bad	time,2656
easy	location,2648
good	staff,2606
hot	water,2548
good	things,2512
good	eat,2489
modern	room,2437
excellent	restaurants,2389
nice	hotels,2351
perfect	size,2302
good	hotels,2286
excellent	value,2255
friendly	room,2191
amazing	location,2176
positive	reviews,2157
amazing	time,2088
bright	colors,2068
enjoyable	time,2050
fresh	air,2020
free	drink,1929
nice	breakfast,1924
top	terrace,1918
exceptional	staff,1867
best	staff,1860
reasonable	size,1857
good	use,1853
amazing	staff,1833
free	aveda,1819
nice	restaurants,1810
attentive	staff,1762
convenient	location,1757
spotless	room,1710
awful	room,1666
perfect	time,1635
available	space,1618
free	wi-fi,1608
hot	drinks,1608
great	sites,1605
great	find,1580
great	job,1568
super	comfy,1562
tough	day,1551
easy	access,1549
wonderful	job,1538
excellent	food,1523
fabulous	room,1515
great	size,1512
positive	note,1511
nice	atmosphere,1500
inexpensive	room,1477
popular	tourist,1469
honored	guest,1466
safe	walking,1465
charming	room,1461
loud	heater,1458
trendy	boutique,1458
best	bagels,1458
warm	food,1458
funky	decor,1458
comfortable	linens,1458
amazing	views,1456
free	room,1436
nice	day,1422
strong	breakfast,1416
fabulous	location,1403
great	views,1402
cold	cuts,1399
cold	meats,1394
nice	lobby,1389
excellent	time,1351
good	prices,1345
great	food,1330
worst	room,1314
incredible	location,1302
negative	reviews,1292
pleasant	time,1275
good	food,1271
negative	time,1256
delicious	breakfast,1254
helpful	front,1251
friendly	doorman,1250
unpleasant	time,1250
panoramic	location,1236
amazing	pantheon,1229
nice	shower,1224
trendy	room,1223
favorite	room,1220
good	part,1213
lovely	location,1208
great	spot,1206
nice	linens,1192
decent	selection,1191
good	nights,1187
warm	welcome,1180
happy	people,1174
decent	workout,1172
good	sized,1159
free	upgrade,1153
sour	taste,1132
great	places,1067
best	travel,1066
hot	day,1051
cold	air,1047
hospitable	staff,1025
great	reviews,1016
wonderful	trip,1003
wonderful	views,997
lovely	staff,993
expensive	room,989
romantic	getaway,986
quiet	street,985
poor	quality,966
reasonable	rates,966
unusual	room,949
good	job,936
free	buffet,932
good	shower,932
beautiful	travel,932
excellent	breakfast,929
great	recommendations,928
positive	time,924
good	variety,921
wonderful	weekend,911
lively	room,905
great	touch,899
bad	taste,898
comfortable	king,885
bad	staff,883
fun	room,882
nice	boutique,882
free	use,879
fabulous	value,878
friendly	people,878
nice	rooftop,871
clean	bathrooms,864
excellent	english,863
unbeatable	location,861
complimentary	bottle,858
decent	value,851
pleasant	surprise,850
great	tips,847
upgraded	room,846
spectacular	location,846
cool	air,845
great	advice,843
better	food,836
seasoned	travellers,833
good	mood,830
fine	room,829
excellent	internet,829
adequate	size,828
fresh	breakfast,822
smallish	room,821
fresh	pastries,817
efficient	staff,817
finest	hotels,816
favorite	hotels,815
comfortable	furniture,813
good	review,805
amazing	travel,804
incredible	pantheon,802
excellent	selection,799
good	shape,793
nice	spread,788
better	deals,787
nice	fitness,786
super	nice,784
wonderful	boutique,772
fresh	towels,771
great	feature,771
good	choices,770
expensive	breakfast,769
positive	side,768
comfortable	walking,767
nightmare	flight,762
excellent	eat,760
reasonable	prices,754
wonderful	restaurants,753
free	weights,753
fair	amount,752
good	people,748
nice	clean,748
nice	bed,747
easy	chair,747
nice	setting,741
excellent	variety,741
nice	comfy,740
better	choices,740
enough	water,740
complimentary	computer,740
pretty	sure,740
free	computers,740
bad	impression,740
reasonable	location,739
best	customer,739
modern	look,739
modern	time,739
nice	glass,739
wonderful	visit,738
great	menu,737
excellent	breakfasts,737
easiest	location,737
smiling	staff,737
fantastic	nights,732
ample	size,732
great	bakery,729
hectic	travel,729
good	fitness,729
limited	menu,729
stylish	bolt,729
good	dusting,729
soft	glow,729
decent	in-house,729
enough	desk,729
ineffective	air,729
modern	touch,729
great	aunt,729
great	bar,729
honest	person,729
fine	print,729
expensive	fare,729
modern	appearance,729
bad	percentage,729
cozy	haven,729
top	balcony,729
popular	sights,729
enough	cocktail,729
incredible	places,729
significant	savings,729
bright	look,729
friendly	spot,729
great	convenient,729
stylish	lobby,729
cozy	bar,729
warm	lighting,729
comfortable	elegance,729
confident	gem,729
good	working/staying,729
modern	gym,729
sweet	value,729
nice	word,729
nice	meats,729
helpful	-seems,729
beautiful	colors,729
comfortable	kingsize,729
noisy	new,729
sturdy	umbrella,729
fancy	room,729
sharp	decor,729
affordable	cab,729
cozy	mezzanine,729
free	apple,729
handy	umbrella,729
friendly	servicer,729
safe	sleeping,729
poor	resolution,729
welcome	treat,729
pleasant	mezzanine,729
wonderful	tuis,729
modern	colors,729
delicious	selection,729
beautiful	weekend,729
trendy	design,729
important	places,729
helpful	concierge,729
modern	flair,729
beautiful	art,729
better	terms,729
good	'friend,729
vibrant	colours,729
perfect	pantry,729
smoke	detector,729
enough	machines,729
calm	manhattan,729
good	sellection,729
strong	stream,729
over-priced	bottle,729
perfect	hotspot,729
enough	floor,729
efficient	manner,729
clean	staff,729
beautiful	look,729
best	salad,729
great	tip,729
cheesy	move,729
radiant	heat,729
steady	flow,729
top-notch	staff,729
delayed	flight,729
healthy	options,729
nice	buffet,729
terrible	impression,729
exciting	time,729
better	doormen,729
ridiculous	staff,729
friendly	dand,729
super	busy,729
available	laptops,729
excellent	bar,729
low-priced	breakfast,729
false	explanation,729
worse	blizzard,729
colorful	furnishings,729
stable	heat,729
upbeat	attitude,729
trendy	shops,729
sucky	pressure,729
tidy	boutique,729
colorful	accomodations,729
nice	pastries,729
worth	re-booking,729
decent	shape,729
stylish	boutique,729
great	launching,729
attractive	decor,729
nice	sheets,729
lowly	bucket,729
soft	water,729
convenient	rest,729
nice	neighborhood,729
nice	flair,729
delicious	portion,729
good	my,729
great	workout,729
good	cheer,729
nice	gift,729
upscale	eat,729
clean	gym,729
comfortable	queen,729
beautiful	architecture,729
cheap	family,729
great	music,729
smartest	room,729
limited	dinner,729
hot	spots,729
classic	example,729
nicer	mom,729
favorite	dining,729
cold	location,729
chic	eat,729
quaint	room,729
slow	tuesday,729
pleased	overall,729
competitive	rates,729
splendid	corner,729
modest	value,729
quieter	part,729
loud	banging,729
quaint	modern,729
better	job,729
famous	location,729
useless	items,729
good	day/night,729
modern	new,729
complimentary	parking,729
over-priced	toiletries,729
convenient	extra,729
good	representation,729
sufficient	room,729
great	impression,729
good	example,729
welcome	treats,729
good	w/,729
good	aircon,729
phenomenal	staff,729
good	cost-benefit,729
great	vibes,729
luckiest	people,729
wrong	dates,729
nice	offer,729
lovely	lounge,729
lovely	things,729
intimate	nature,729
nice	clerk,729
lacked	bars,729
impressive	part,729
superior	guestroom,729
nice	towels,729
best	spa,729
fancy	shower,729
ideal	property,729
nice	layout,729
convenient	base,729
good	water-pressure,729
expensive	e,729
hectic	week,729
strong	colors,729
happy	accident,729
dirty	hair,729
nice	breakfasts,729
worst	advice,729
cheaper	rates,729
pleasant	decoration,729
detachable	shower,729
perfect	option,729
super	location,729
trendy	places,729
unsatisfactory	interaction,729
attentive	wait,729
cool	apartment,729
wonderful	eourpean,729
favorite	new,729
nice	linen,729
courteous	doorman,729
unknown	reasons,729
enough	delis,729
tough	noise,729
lovely	bar,729
warm	smile,729
quiet	nevertheless,729
bright	upholstery,729
easy	transport,729
satisfactory	number,729
personalized	response,729
disappointing	hotels,729
unforgettable	one,729
attractive	room,729
qualified	review,729
friendly	cab,729
courteous	customer,729
free	fo,729
worse	quality,729
fantastic	bagels,729
cute	boutique,729
nice	equipment,729
magnificent	location,722
chic	decor,720
fabulous	views,720
great	water,719
generous	value,716
fantastic	food,715
beautiful	piazza,707
wondrous	travel,704
decent	drinks,702
lovely	addition,699
sweet	potato,699
bad	hotels,698
top	floors,693
great	stash,693
reasonable	temperature,693
soft	beds,693
quieter	street,692
brisk	location,692
hot	cider,692
nice	blend,691
great	use,689
nice	bonus,685
smallish	gym,678
exciting	location,678
favorite	places,677
worst	part,671
complimentary	cocktails,670
nice	nyc,667
beautiful	location,663
great	bed,662
hectic	day,660
interesting	choices,660
healthy	food,660
wrong	type,659
enough	options,659
worth	mentioning,658
cold	buffet,657
interesting	places,657
prompt	doormen,657
good	english,656
good	shopping,656
right	direction,654
unsuspecting	tourists,652
good	views,652
great	eat,650
cool	new,647
fresh	blueberries,647
clean	lines,647
friendly	greetings,645
lovely	places,635
hot	food,632
courteous	doormen,631
good	recommendations,629
smallish	boutique,628
expensive	fish,628
stunning	views,626
good	meals,625
hot	chocolate,620
good	day,619
warm	weekend,617
modern	contempory,617
cheaper	hotels,616
cool	location,613
right	boxes,613
funky	room,610
nice	relaxed,610
cool	accent,610
great	spots,607
perfect	spot,604
heavenly	beds,604
ideal	location,602
chic	room,601
nice	items,601
lovely	lobby,600
beautiful	views,600
rude	lady,596
overpriced	dump,593
cheap	mockup,593
nice	bath,592
fantastic	tour,592
challenging	room,591
outstanding	design,591
bad	experiences,590
nice	driver,588
fancy	aveda,584
promised	space,584
great	products,583
helpful	people,583
friendly	welcoming,583
cheerful	colors,583
colorful	quilt,583
creative	use,579
ample	space,579
useful	toiletries,579
fresh	bread,576
amazing	breakfasts,575
snobby	room,572
fresh	arrangement,572
hot	bath,572
good	number,571
quiet	spot,569
great	travel,569
nice	part,560
superior	double,558
wonderful	alternatives,556
fantastic	shower,555
tiring	day,555
free	pass,549
good	point,547
good	delis,545
unexpected	delight,542
good	colors,541
great	atmosphere,541
good	machines,541
great	eats,541
clean	look,539
modern	colorful,537
brisk	walking,535
cozy	lobby,535
good	bagel,535
complementary	bottle,533
great	tv,531
nice	quilts,529
nice	sink,529
bargain	rates,529
mediocre	water,529
constructive	comment,524
slow	closing,524
nice	eat,523
good	internet,523
safe	whilst,519
rip-off	value,519
endearing	feature,519
free	breakfast/hot,519
adequate	amount,518
spectacular	views,518
perfect	weight,515
wonderful	reviews,515
bright	quilts,515
false	advertising,513
nice	effect,513
top	quality,508
best	gelato,506
comfy	couches,506
friendly	front,506
stylish	blond,505
poor	design,504
modern	studios,504
excellent	midtown,504
excellent	layout,504
worst	feature,504
fresh	juices,502
excellent	quality,497
nice	weekend,497
nice	cotton,495
cozy	boutique,495
intimacy	kit,495
great	blanket,495
classic	room,495
wrong	location,494
dishonest	practice,494
lovely	job,494
loud	garbage,493
impersonal	environment,490
ridiculous	excuse,486
worst	excuse,486
shady	reservations,486
quiet	side,485
interesting	color,485
complimentary	time,483
free	business,483
free	access,482
bad	point,482
delightful	pastries,481
dirty	spots,479
free	cappuccino,479
uncomfortable	knowing,479
nice	surprise,476
better	accommodations,476
great	loss,472
free	library,472
chic	colour,472
lovely	views,471
modern	clean,470
fast	cool,470
useful	tips,467
memorable	visit,466
pure	joy,465
perfect	temperature,465
lovely	man,465
easy	solution,465
classic	breakfast,465
satisfactory	levels,465
good	tourist,464
bright	room,464
good	map,460
gentle	hustle,457
best	ice-creams,457
amazing	roof,453
great	trip,453
great	tourist,451
magnificent	piazza,451
modern	baths,450
invaluable	help,449
faultless	tripadvisor,449
stunning	location,447
perfect	cup,447
beautiful	square,444
excellent	views,441
quiet	neighborhood,440
beautiful	sight,438
difficult	time,437
excellent	roof,435
memorable	trip,435
excellent	sound,435
pleasant	bar,432
excellent	shape,431
great	espresso,430
soft	music,430
wonderful	memory,430
important	time,429
delightful	location,427
fine	property,426
affordable	prices,423
fabulous	recommendations,423
best	locations,420
complimentary	bottles,419
great	sights,419
elegant	building,418
lovely	property,413
cozy	room,411
soft	drinks,410
important	sites,409
best	bit,409
negative	part,409
compulsive	painter,409
portable	cot,409
amazing	moment,408
unpleasant	experiences,408
great	anticipation,407
lovely	bellman,403
cold	cereal,403
romantic	travel,403
disrespectful	display,403
sincere	belief,403
spectacular	room,401
terrific	roman,397
personalized	attention,395
sweet	anticipation,395
modern	architecture,395
sharp	contrast,395
inclement	location,395
expensive	side,393
helpful	attitude,393
famous	breakfast,392
wonderful	breakfast,391
fabulous	weekend,388
decent	people,384
luxurious	room,382
great	sound,378
great	shower,377
good	standard,375
interesting	shops,375
stylish	manor,375
great	cafe,374
fabulous	shower,374
worst	snowfall,374
good	places,374
lovely	time,373
wonderful	dinner,373
memorable	time,372
good	water,372
hot	selection,371
good	items,371
best	pal,369
good	cafes,369
popular	sites,366
dedicated	staff,365
unforgettable	time,365
perfect	english,365
reasonable	room,363
wonderful	vacation,362
excellent	suggestions,362
right	information,361
delightful	piazza,360
quiet	seat,360
efficient	ac,360
charming	roof,360
top	value,358
famous	sites,357
gorgeous	room,357
spotless	clean,356
amazing	language,356
lovely	group,354
perfect	food,354
hot	breakfast,353
consistent	basis,352
majestic	pantheon,351
great	restaurents,351
lovely	mauro,351
excellent	drinks,348
excellent	reviews,345
good	toiletries,345
amazing	breakfast,341
good	management,341
genuine	fresco,337
favorite	building,336
beautiful	terrace,333
great	ac,331
gorgeous	location,327
exquisite	location,324
delightful	room,324
bad	food,323
happy	hour,320
wonderful	bar,319
enjoyable	one,318
top	lounge,315
wrong	room,315
hot	august,315
popular	places,312
good	locality,312
impressive	online,312
pleasant	location,310
overdue	letter,306
fine	establishment,306
good	intentions,306
right	turn,306
good	humor,306
cold	drink,305
bad	meal,304
positive	comments,304
available	room,303
peaceful	time,302
fist	floor,302
great	dinner,302
perfect	holiday,300
immense	sense,300
super	wide-angle,299
upscale	feeling,299
good	meal,297
magnificent	roof,295
comprehensive	breakfast,295
cheery	disposition,295
popular	piazza,295
perfect	visit,294
awesome	gesture,294
best	martini,293
excellent	guide,293
perfect	base,291
modern	furniture,290
terrible	restaurants,289
gorgeous	piazza,289
lovely	bath,286
quiet	vacations,285
free	drinks,284
perfect	day,283
superb	location,282
pretty	square,281
fabulous	sistine,281
beautiful	wall,279
friendly	barman,279
helpful	afternoon,279
wonderful	people,279
perfect	staff,278
thoughtful	recommendations,277
fantastic	modern,277
modern	vibe,274
incredible	room,273
famous	sights,273
free	admission,272
best	kept,272
good	cappucino,269
fresh	orange,269
fresh	food,268
expensive	travel,268
free	wi,267
negative	comments,266
best	espresso/cappuccino,264
hot	temps,264
good	recommendation,263
comprehensive	buffet,263
favorite	things,263
free	diet,263
disappointing	time,263
lovely	surprise,262
negative	comment,262
quiet	courtyard,262
great	sense,259
superb	room,258
memorable	one,257
wonderful	spot,255
decent	side,255
sweet	rolls,254
lively	piazza,254
excellent	gelaterias,253
nice	orientation,253
famous	square,252
great	plus,252
beautiful	setting,248
best	feature,248
beautiful	breakfast,247
better	suite,246
gorgeous	breakfast,245
cool	drink,245
free	entry,245
better	one,244
elegant	room,244
wonderful	selection,242
worst	breakfast,241
great	qualities,241
easy	reach,238
wonderful	combination,237
classy	room,236
reasonable	restaurants,236
great	dining,235
authentic	rome,234
convenient	family,234
great	range,234
slow	walking,233
great	fun,233
perfect	trip,233
important	guests,232
marvelous	pictures,232
delightful	time,232
hot	varieties,232
amazing	site,231
fantastic	ice-cream,229
great	bonus,229
lovely	ladies,228
friendly	reception,228
outstanding	reputation,228
amazing	english,228
awe	inspiring,228
sweet	cakes,228
gracious	allesandra,228
enough	location,228
lovely	rooftop,227
beautiful	building,226
great	benefit,226
magical	travel,225
beautiful	part,225
important	site,225
gorgeous	churches,225
great	exploring,225
authentic	eat,225
wonderful	pizzas,225
courteous	gentlemen,224
good	friend,223
famous	landmark,222
fresh	fruits,221
hot	chocolates,221
exceptional	room,219
nice	desk,217
funny	stories,216
excellent	recommendations,216
strong	a/c,216
beautiful	rooftop,216
romantic	setting,216
best	attributes,213
pretty	room,213
great	coffe,211
unbelievable	views,211
frozen	beer,211
nice	pots,211
fair	comparison,211
lovely	restaurants,210
good	amount,210
good	advice,210
nice	note,210
wonderful	gelato,207
better	condition,206
excellent	meal,206
limited	space,204
enough	justice,204
excellent	bellini,204
beautiful	fabric,204
favorite	spots,204
top	marks,202
plentiful	breakfast,199
amazing	sight,199
picky	eater,199
good	news,198
elegant	decor,198
nice	places,196
hot	items,196
lovely	enoteca,196
frozen	food,195
friendly	driver,195
good	staples,194
cool	room,192
slow	side,192
clean	furnishings,192
inexpensive	restaurants,191
wonderful	site,190
bad	reviews,190
comfortable	distance,189
wonderful	balcony,189
amazing	meal,188
delicious	fruit,188
noisy	vs,187
superior	deluxe,186
important	feature,186
fine	florence,185
best	sangrias,185
excellent	bathrooms,184
lush	towels,183
perfect	pillow,183
easy	travel,183
colorful	produce,181
right	smack,181
cool	piazza,181
best	dining,181
pleasant	din,181
pleasant	staff,179
excellent	housekeeping,178
indifferent	management,178
magical	location,177
appropriate	allowances,176
odd	-looking,176
dull	buzz,176
beautiful	piazzas,176
loud	cellphone,176
inadequate	soundproofing,176
perfect	eat,175
clear	whoever,175
nice	dinner,175
great	reason,175
loud	voices,175
top	line,175
good	feelings,175
exceptional	individual,175
good	fortune,175
delicious	gelato,174
friendly	bunch,174
cold	meats/pizza,172
recommended	room,172
impressive	selection,172
perfect	lovation,169
top	class,169
excellent	recommendation,169
nice	vehicle,169
wonderful	eat,168
fresh	linen,166
wonderful	clean,166
excellent	review,165
stale	bread,165
poor	staff,165
unfortunate	happening,165
excellent	directions,164
top	rating,164
hard	pillows,164
fantastic	holiday,163
delicious	food,163
good	options,163
expensive	hotels,163
enough	variety,162
spectacular	setting,162
grand	hotels,162
excellent	cafes,162
powerful	shower,161
stunning	room,161
complimentary	champagne,160
good	sign,160
favorite	part,159
broken	slats,159
delightful	gem,159
strong	shower,157
comfortable	nonetheless,157
slow	staff,157
popular	room,157
low-cost	room,156
nice	furnishing,156
welcome	staff,155
good	ac,155
stylish	heels,154
sensible	shoes,154
posh	shops,153
excellent	trattorias,153
friendly	smile,153
nice	change,153
like	florence,153
lovely	piazza,153
great	pride,152
beautiful	fish,152
welcome	relief,152
nice	things,152
dedicated	concierge,152
cheap	one,152
fresh	decor,152
romantic	weekend,152
welcome	fruit,151
beloved	travel,151
helpful	individuals,151
charming	breakfast,151
rich	marble,151
abundant	choices,151
genuine	interest,151
fabulous	cocktail,151
complimentary	fruit,151
pricey	side,151
interesting	sites,151
cool	attitude,150
limited	kitchen,150
fantastic	skyline,150
beautiful	balcony,149
wonderful	things,149
great	surroundings,148
brilliant	family,148
nice	drivers,148
terrible	location,147
delicious	meals,146
great	holiday,146
great	lightening,145
scam	tourists,145
safe	key,145
fantastic	television,145
top	tour,145
decent	choices,144
nice	toiletries,144
good	reason,143
free	square,142
poor	attempts,142
noisy	excitement,142
limited	coverage,142
great	cafes,142
good	supermarket,142
easy	stroll,141
nicer	coverings,141
generous	size,140
soft	pillow,140
positive	location,140
great	friends,140
mediocre	@,139
delicious	dinner,139
lovely	breakfast,139
negative	point,139
lovely	gesture,139
excellent	tour,139
negative	feedback,139
weak	breakfast,138
confined	spaces,138
best	mozarella,138
top	patio/lounge,138
dirty	ceilings,138
beautiful	bathrooms,138
disgruntled	patron,138
better	rates,138
charming	retreat,138
impressive	building,138
good	frame,138
ideal	room,138
beautiful	environment,138
comfortable	shoes,138
dirty	wallpaper,138
positive	aspects,137
dirty	travel,137
amazing	gelato,137
quaint	terrace,137
top	baroque-ness,137
stylish	room,137
right	questions,137
steady	leak,137
modern	doorways,137
prompt	reply,137
famous	areas,137
nice	areas,137
striking	church,137
bad	views,137
magnificent	travel,136
bright	future,136
unforgettable	days,135
significant	value,135
best	position,135
sucked	hard,135
great	options,135
expensive	meals,135
spectacular	sight,135
spacious	mini,135
wonderful	attributes,135
dangerous	spa,135
modern	fixtures,135
polite	staff,135
modern	conveniences,135
lovely	renaissance,135
great	piazza,135
fastest	lifts,135
ideal	staff,135
nice	car,134
enjoyable	people,134
tired	tourists,134
great	hub,133
amazing	pizza,133
great	alarm,132
nice	man,132
nice	breeze,132
great	bakeries,132
reasonable	mini,132
perfect	walking,132
great	comments,132
great	cappuccinos,132
legendary	sights,131
amazing	sunsets,131
amazing	ice-cream,131
positive	things,131
slow	lift,131
best	holiday,130
charming	places,130
easy	check,130
great	condition,130
hard	mattress,130
nice	offerings,129
quiet	oasis,129
right	shoulder,128
overwhelming	breakfast,128
right	decision,127
smelled	bad,127
beautiful	vacation,127
famous	cafe,127
free	tv,127
amazing	cappucinos,126
wonderful	places,126
excellent	facilities,125
cold	tourists,123
crowded	queue,123
enthusiastic	towards,123
beautiful	decor,123
fabulous	time,123
fine	breakfast,123
good	air,123
fresh	flowers,122
complimentary	reviews,121
beautiful	marble,121
golden	recipe,121
uncomfortable	bed,120
excellent	standard,120
beautiful	card,120
lovely	decor,119
easier	base,119
useful	book,119
clear	shot,119
great	resort,119
gorgeous	autumn,119
great	lots,119
beautiful	church,118
important	location,118
right	hand,118
delightful	full,118
authentic	food,118
stunning	pantheon,118
great	toiletries,118
great	delight,118
great	conversation,118
wonderful	overlook,118
beautiful	beach,117
awful	lot,117
nice	ammenities,117
awful	smell,117
bad	location,117
hot	showers,117
easy	option,116
nice	vacation,116
expensive	pantheon,115
pleasant	room,115
terrific	front,115
great	neighborhood,115
sensible	eat,115
good	sky,115
bad	luck,115
top	flight,115
pleasant	breakfasts,114
fabulous	holiday,114
charming	man,113
easy	landmark,113
quiet	neighbourhood,113
pretty	shy,112
best	ones,112
expensive	suite,112
great	addition,112
romantic	spot,112
awful	gaffe,112
bad	news,112
fun	day,112
beautiful	language,112
spacious	showers,111
best	vacation,111
great	experiences,111
safe	neighborhood,111
amazing	decor,111
delightful	staff,111
limited	time,110
trouble-free	access,110
excellent	service-,110
luxurious	time,110
best	ice,110
best	pizza,110
odd	bottle,110
slow	draining,110
inconsistent	internet,110
genuine	criticism,110
excellent	martini,109
negative	review,109
perfect	haven,109
immaculate	english,109
lovely	people,107
inflated	prices,107
excellent	insulation,107
great	smile,107
good	bar,107
top	location,106
nice	cafe,106
great	vacation,105
great	things,105
nice	triple,105
unforgettable	location,105
good	crop,105
perfect	breakfast,105
stole	space,105
fresh	mozzarello,105
fresh	mozzarella,105
accessible	stairs,105
perfect	rome,105
cheap	groceries,105
good	bath,105
better	spot,105
best	proscuitto,105
nice	balcony,105
poor	attempt,105
spectacular	time,105
great	drinks,104
modern	appointments,104
cold	items,104
fine	dining,104
unusual	heat,103
favorite	piazza,103
good	showers,103
excellent	ac,103
impeccable	staff,103
hot	tea,103
warm	staff,103
beautiful	fountain,103
nice	market,103
thoughtful	touch,103
slap	bang,103
vibrant	piazza,103
fancy	convenient,103
pretty	convenient,103
nice	cafes,103
amazing	restaurants,103
cold	selections,103
good	photo,102
good	spots,102
great	day,101
perfect	first-stop,101
memorable	meals,101
great	help,100
excellent	zucchini,100
pretty	petty,100
great	person,100
crowded	room,100
nice	love,100
incredible	staff,100
nice	substitute,100
easy	jet,100
great	selection,99
effective	cooling,99
relaxed	time,99
lovely	buffet,98
hard	bed,98
charming	elegance,98
comfortable	base,98
nice	beach,98
romantic	time,98
nice	window,97
cheapest	meal,97
great	people,97
great	items,97
free	table,97
lovely	hermes,97
nice	fold,97
delicious	cappaucino,97
great	guy,96
great	pictures,96
perfect	starter,95
lovely	treat,95
top	rome,95
beautiful	time,95
nice	atmospher,95
free	web,95
fabulous	travel,95
free	course,95
wrong	directions,95
interesting	one,95
great	meeting,95
glorious	rooftop,95
cheap	pizza,95
wonderful	comparison,95
magic	moment,95
best	cities,95
remarkable	views,95
free	guides,95
outstanding	reports,95
sad	moment,95
fresh	sweets,95
top	half,95
quiet	atmosphere,95
hot	outside,95
warm	reception,94
posh	lobby,94
swankier	hotels,94
good	beds,94
wow	factor,94
right	notes,94
excellent	base,94
excellent	gelateria,94
negative	points,93
wonderful	feeling,92
incredible	eat,92
good	spot,92
great	roof,92
fabulous	day,92
attractive	value,92
good	pastries,92
great	quality,92
clean	everyday,92
scenic	roof,92
welcome	respite,92
good	fun,91
memorable	dinner,91
interesting	rooftops,91
charismatic	barman,91
wonderful	sights,91
great	cosmopolitans,91
beautiful	suite,91
great	air,91
mind-blowing	tribute,91
great	gelaterio,91
pleasant	setting,90
unexpected	bottle,89
pleasant	touch,89
disappointing	item,89
free	tour,89
glorious	rome,89
clean	condition,89
memorable	stays,89
poor	exchange,89
hot	drink,89
favorable	reviews,89
amusing	response,89
noisy	locale,89
great	affection,88
repetitive	breakfast,88
good	bargain,88
unrestricted	location,88
beautiful	sidewalk,88
scratched	furniture,88
good	chianti,88
better	breakfasts,88
favorite	memory,88
great	energy,88
lovely	roof,88
crazy	web,88
pretty	dirty,88
bruised	shoulders,88
enchanted	umbria,88
easy	walks,88
utterly	tasteless,88
pretty	shabby,88
charming	dining,88
efficient	front,88
good	average,88
expensive	tourist,88
favour	dont,87
magnificent	upgrade,87
interesting	conversations,87
wonderful	personality,87
soft	slippers,87
hard	working,87
friendly	chat,87
modern	style,87
inexperienced	travellors,87
excellent	bartender,87
nice	ones,86
harsh	critic,86
modern	design,86
coolest	cities,86
great	rates,86
free	oustide,85
top	luxury,85
remarkable	location,85
cheerful	staff,85
sparkling	clean,84
like	rain,84
right	corner,84
hard	beds,84
powerful	showers,84
nice	entry/dressing,84
elegant	bar,84
enough	crockery,84
excellent	job,84
pure	luck,84
fine	sense,84
super	super,84
good	ones,84
unexpected	beautiful,84
exceptional	englsih,84
genuine	warmth,84
shiny	mercedes,84
better	explanation,84
top	tourist,84
friendly	perspective,84
fine	steps,84
unfortunate	time,84
positive	trip,83
good	airconditioning,83
welcome	lie,83
quaint	family,83
interesting	space,83
solid	eat,83
nice	beds,83
generous	towards,83
spoiled	traveler,83
fair	selection,83
famous	dome,83
excellent	server,83
smart	boutique,83
sexy	wine,83
perfect	viewpoint,83
surreal	time,83
pleasant	memory,83
welcome	basket,83
noisy	air,83
right	directions,83
wonderful	air,83
fast	food,83
romantic	views,83
best	cups,83
positive	one,83
amazing	things,83
adequate	supply,83
hard	days,83
top	tarrace,83
good	find,83
great	welcome,82
interesting	mix,82
nice	shops,81
good	linens,81
happy	birthday,81
enjoyable	location,80
amazing	holiday,80
enjoyed	drinks,80
good	lighting,80
luxurious	brands,80
nice	furnishings,79
excellent	michele,79
best	roman,79
fine	shutters,79
excellent	surprise,79
incredible	delight,79
superb	position,79
nice	upgrade,79
spectacular	details,79
fabulous	vacation,78
hot	pudding,78
outrageous	value,78
lovely	albergo,78
beautiful	property,78
beautiful	cities,77
bumpy	time,77
bad	morning,77
outstanding	fish,77
welcome	smile,76
soft	furnishings,76
great	results,76
fabulous	find,76
lovely	ice,76
nice	john,76
smart	dining,76
fantastic	wines,76
best	cappuccino,75
exceptional	english,75
good	option,75
positive	people,75
welcome	meeting,75
best	manager,75
worth	e21,75
good	guide,75
clear	waters,75
limited	room,75
excellent	juices,75
impressive	location,75
lovely	terrace,74
wonderful	roof,74
good	bed,74
bad	leg,74
wonderful	piazza,74
good	holiday,74
top	hotels,74
reasonable	places,74
good	family,74
friendly	greeting,73
polite	smile,73
smallish	size,73
jaw-dropping	location,73
reasonable	cost,73
wonderful	life,73
fresh	peach,72
cold	milk,72
lively	square,72
amazing	amount,72
easy	task,72
free	sky,72
good	chat,72
welcome	guest,72
fair	market,72
great	feeling,72
favorite	member,72
free	concert,72
good	buzz,72
fabulous	suite,72
bad	word,72
good	points,72
wonderful	english,72
right	angles,72
spacious	ground,72
reasonably	value,72
spectacular	ceiling,72
nice	break,72
worst	tour,72
free	mini,72
poor	eat,72
delightful	lady,72
sumptuous	bath,72
welcome	drink,72
golden	opportunity,72
wonderful	resaurant,72
better	arrival,72
famous	site,72
shame	theroof,71
worth	walking,71
nice	gesture,71
lovely	fruit,71
comfortable	sofa,71
quiet	piazza,71
wonderful	sidewalk,71
helpful	face,71
luxurious	touches,71
top	shelf,71
terrible	heatwave,71
complimentary	espressos,71
annoyed	guest,71
like	alleyways,71
friendly	response,71
lovely	hassler,70
pleasant	one,70
fabulous	sites,70
stuffy	side,70
free	slippers,70
dead	cockroach,70
lovely	ammenities,70
hot	dogs,70
great	recommendation,70
fine	prada,70
selfish	reasons,70
worst	complaint,70
wonderful	sites,70
unusual	occurence,70
fresh	bellini,70
super	room,70
pleasant	heaven/haven,70
sincere	smile,70
wrong	date,70
gold	fabric,70
wonderful	sight,70
dishonest	taxi,70
wonderful	antique,70
wonderful	feature,70
beautiful	cottage,70
wonderful	coffees,70
complimentary	bath,70
cold	feet,70
exciting	encounters,70
famous	longhi,70
perfect	square,70
wonderful	decor,70
pleasant	treat,70
terrible	mistake,70
better	vantage,70
exhausted	heart,70
appropriate	name,69
set-up	pick-up,69
hot	month,69
friendly	piazza,69
incredible	days,69
excellent	host,69
amazing	job,68
right	suggestions,68
quiet	backstreet,68
gorgeous	decorations,68
good	reaturants,68
super	quiet,68
cold	drinks,68
difficult	room,68
lovely	bars,67
comfortable	seating,67
fresh	juice,67
warm	goodbye,67
good	stuff,67
difficult	and/,67
frightening	time,67
best	asset,67
wonderful	patisserie,67
best	i,67
lovely	parisien,67
free	hermes,67
good	comment,67
lovely	break,66
romantic	room,66
horrible	feeling,66
nice	tub,66
favorite	family,66
friendly	receptionists,66
marvelous	find,66
personalized	note,66
dark	floors,66
lovely	crib,66
brilliant	lots,66
recommended	places,66
faint	smell,66
lovely	art,66
quiet	part,66
nice	lounge,66
nice	complement,66
great	shopping,66
good	excuse,66
negative	pt,66
wonderful	shopping,66
fabulous	breakfast,66
pure	tourist,66
musty	odor,66
portable	fan,66
nice	neigborhood,66
good	thai,66
wonderful	variety,66
incredible	weekend,66
lovely	suite,66
expensive	property,66
great	boutique,66
horrible	hours,66
stylish	location,66
top	disco,66
unforgettable	trip,66
perfect	person,66
comfortable	dining,66
beautiful	pattisseries,66
warm	living,66
quiet	corner,66
classy	style,66
rough	ride,65
perfect	parisian,65
gorgeous	fabric,65
bumpy	roads,64
proper	matress,64
positive	impression,64
best	beaches,64
appropriate	room,64
good	tips,63
great	deco,63
good	bakeries,63
good	taste,63
comfortable	relax,62
limited	options,62
good	range,62
beautiful	surroundings,62
significant	amount,62
scenic	location,62
complimentary	services,62
decent	trip,62
clear	water,61
best	massage,61
fantastic	value,60
poor	country,60
fantastic	days,60
brilliant	time,59
smelled	nice,59
quiet	tranquility,59
fabulous	job,59
comfortable	downstairs,59
ample	room,58
safe	staying,58
great	locations,58
fast	staff,58
beautiful	finishes,57
important	connections,57
excessive	distances,57
greatest	pleasures,57
best	decisions,57
lovely	resort,57
nice	reviews,57
good	trip,57
fantastic	jogging,57
terrific	adventure,57
cheaper	option,56
great	urgency,56
wrong	exit,56
excellent	vacation,56
nice	antique,56
wonderful	approach,56
chic	furniture,56
pretty	corner,56
nice	luxury,56
enough	roomy,56
worst	sense,56
wonderful	bathrooms,56
polite	lady,56
great	part,56
excellent	tours,56
romantic	trip,56
nice	relief,56
beautiful	wrought,55
poor	condition,55
soft	linens,55
nice	advices,55
plush	decor,55
ignorant	staff,55
good	company,55
wonderful	shops,55
stylish	home,55
beautiful	versace,55
wrought	iron,55
incredible	travel,55
decent	mirror,55
exquisite	room,55
available	food,55
upscale	room,55
tragic	death,55
friendly	conversation,55
nice	crisp,54
bright	corner,54
efficient	air,54
affordable	breakfasts,54
lovely	nights,54
solid	a+,54
beautiful	stylish,54
brilliant	value,54
great	neighbourhood,54
excellent	coffees,53
likes	luxury,53
cheap	time,53
good	tv,53
helpful	i,53
excellent	bars,53
bad	things,53
romantic	gateaway,53
expensive	paris,53
clean	w/,53
decent	food,53
great	nights,52
beautiful	luxury,52
delicious	hermes,52
easy	connections,52
perfect	home,52
good	offerings,52
best	croissant,52
complimentary	chocolates,52
lovely	church,51
super	clean,51
top	shape,51
welcome	message,51
enough	pillows,51
lovely	food,51
beautiful	nights,51
delicious	cafes,51
great	locatio,51
chic	lobby,51
beautiful	tourists,50
impressive	staff,50
glorious	reviews,50
grand	eiffel,50
good	proximity,50
nice	suburb,50
cold	outside,49
elegant	boutique,49
great	my,48
worst	vacation,48
nice	days,48
pretty	noisy,48
tired	feet,48
better	rating,48
fresh	ares,48
great	grocery,48
good	memories,47
great	croissants,47
great	accomodation,47
nice	perk,47
wonderful	transportation,47
friendly	environment,47
odd	though-it,47
good	position,47
noisy	travel,47
nice	couple,47
perfect	calm,47
cheapest	drinks,47
excellent	shower,47
lovely	experiences,47
odd	garbage,47
calm	ans,47
slow	dining,47
expensive	value,47
lovely	weekend,47
perfect	boutique,47
pleasant	suprise,47
great	patisserie,47
nice	fixtures,47
great	breakfasts,47
nice	informations,47
chic	boutique-hotel,47
cheap	buys,47
welcome	cocktail,47
wonderful	outdoor,47
classy	decoration,46
pleasant	trip,46
nice	wallpaper,46
cool	chrome,46
lovely	neighborhood,45
cheap	mini,45
lavish	interior,45
excellent	find,45
exceptional	location,45
good	functioning,45
important	attribute,45
welcome	touch,45
stylish	taupe,45
great	one,45
cheaper	value,45
fresh	beads,45
pricey	breakfast,45
marvellous	paris,45
best	holidays,45
great	shows,44
great	suggestions,44
bad	points,44
leaky	ceiling,44
fresh	pastry,43
pleasant	stroll,43
fabulous	restaurants,43
nice	jorney,43
awesome	cheese/produce,43
handy	location,43
modern	bath,43
good	restuarants,43
gold	ring,43
nice	decor,43
strong	connection,43
best	hospitality,43
superb	quality,43
nice	internet,43
great	addtion,43
relaxed	cozy,43
wonderful	deco,43
pretty	helpful,43
good	coffe,43
fair	bit,43
better	chance,43
nice	welcome,43
nice	interior,43
loved	ones,43
top	level,43
optimal	mix,43
super	helpful,43
comfortable	pullout,43
good	wine,42
splendid	nights,42
upset	stomach,42
lovely	decorations,42
adequate	restaurants,42
nice	bathrooms,42
concerned	owner,42
helpful	speaking,42
nice	resort,41
tough	side,40
great	rating,40
cold	spell,40
beautiful	spot,40
reasonable	taxi,40
disappointing	things,40
top	room,40
fabulous	beach,40
enough	staff,40
good	buffet,40
infernal	foam,39
beautiful	furniture,39
recommended	travel,39
quaint	boutique,39
excellent	dining,39
quiet	haven,39
suitable	size,39
superior	twin,39
shallow	areas,39
nice	bakery,39
good	chairs,39
crowded	hotels,38
rich	dark,38
gloomy	thanks,38
excellent	linens,38
awesome	dancers,38
marvellous	marble,38
lovely	facilities,38
cheaper	cafes,38
cold	winter,38
friendly	man,38
nice	treat,38
scrambled	eggs,38
knowledgeable	people,38
strange	time,38
expensive	transportation,37
nice	products,37
wonderful	reservations,37
perfect	hideaway,37
golden	color,37
positive	words,37
perfect	photographs,37
gentle	charming,37
cleanest	trains,37
great	family,37
fluent	english,37
free	mac,37
beautiful	courtyard,37
frightening	reviews,37
romantic	citroen,37
coolest	things,37
nice	smiles,37
best	days,37
fantastic	cafes,36
free	staff,36
super	cute,36
golden	sand,36
excellent	bakeries,36
fresh	products,36
great	beds,36
peaceful	room,36
enough	storage,36
wonderful	showers,36
poor	security,35
right	round,35
shallow	location,35
nice	guys,35
fresh	crepes,35
nice	guy,35
excellent	trip,35
dark	wooden,34
fabulous	chocolatiere/patisserie,34
convenient	metro,34
warm	time,34
quiet	larminat,34
sweet	basil,34
helpful	owners,34
cold	water,34
easiest	review,34
great	reastaurent,34
gorgeous	hermes,34
excellent	weekend,34
shallow	items,34
nice	bar,33
broken	glass,33
slow	elevators,33
warm	rain,33
false	advertisement,33
lovely	garden,33
great	areas,33
wicked	shower,32
great	advantage,32
amazing	value,32
negative	travellers,32
bad	resort,32
inexpensive	holiday,32
good	bang,32
convenient	access,31
quiet	set,31
marvellous	moments,31
nice	cafes/bistros,31
terrible	reception,31
nice	corner,31
pan	cakes,31
calm	tha,31
nice	hermes,31
rude	people,31
great	eye,31
expensive	approach,31
good	double,31
enjoyable	trip,31
great	base,31
helpful	but,31
fast	internet,31
top	dollar,31
right	adress,31
right	answers,31
memorable	part,31
bad	rating,31
better	system,31
expensive	disappointment,31
brilliant	holiday,30
elegant	little,30
top	qualyty,30
lazy	river,30
expensive	eat,30
correct	address,30
perfect	condition,30
negative	reports,30
classic	i,30
quiet	environment,30
hot	eggs,30
excellent	metro,30
complementary	breakfast,30
sweet	concotions,30
wonderful	savoury,30
beautiful	island,29
best	bang,29
nice	spot,29
great	hotels,29
great	week,29
solid	establishment,29
fantastic	kids,29
immaculately	clean,29
fresh	fuit,28
great	patisserie/chocolate,28
nice	persons,28
stumble	across,28
fabulous	books,28
strong	euro,28
beautiful	boutique,28
nice	surprice,28
nice	boulangeries,28
pleasant	nights,28
nice	clothes,28
upscale	chain,28
inexpensive	travel,28
amazing	profiteroles,28
great	perk,28
outrageous	prices,28
perfect	compliment,28
cheaper	breakfast,28
classy	decor,28
friendly	english,28
cheaper	options,28
scrambled	mode,28
complementary	internet,28
modern	entertainment,28
terrible	noise,28
modern	marble,28
wonderful	tv,28
beautiful	home,28
amazing	selection,28
amazing	bistros,28
comfortable	duvet,28
wonderful	items,28
good	deals,28
luxurious	fittings,28
spacious	bathrooms,28
nice	lighting,28
lovely	week,28
dark	hardwood,28
great	order,28
state-of-the-art	decor,28
well-connected	metro,28
excellent	meals,28
romantic	left-bank,28
loose	gestures,28
free	minerals,28
fresh	oranjuice,28
nice	adresses,28
perfect	locale,28
fresh	grapefruit,28
clean	neighbourhood,28
wonderful	stuff,28
wonderful	week,28
great	pillows,28
great	reading,28
romantic	escapade,28
excellent	restaurent,28
good	access,28
trendy	time,28
perfect	quieter,28
top	rank,28
nice	playgrounds,28
good	metro,28
extraordinary	furniture,28
excellent	boulangerie,28
bad	roads,28
best	crepes,28
complimentary	glasses,28
safe	built,28
portable	crib,28
modern	furnitures,28
great	metro,28
great	quantity,28
lovely	architecture,27
clear	map,27
decent	meal,27
posh	versace,27
unfriendly	staff,27
versatile	/,27
useful	stations,27
bad	part,27
modern	'hotel,27
dark	wood,27
classy	neighborhood,27
stunning	array,27
nice	baby,27
dark	street,27
precious	antiques,27
stylish	bathrooms,27
great	concern,27
noisy	holes,27
pleasant	wait,26
dead	fish,26
super	chic,25
top	furniture,25
romantic	location,25
modern	living,25
warm	sea,25
famous	designer,25
beautiful	scenery,25
welcome	andthe,25
welcome	retreat,25
wonderful	tub,25
beautiful	fruits,25
nice	ambience,25
beautiful	resort,25
fresh	touch,25
finest	detail,25
amazing	furniture,25
famous	people,25
stunning	designer,25
luxurious	apartments,25
complimentary	towelling,25
disappointing	part,24
nasty	damp,24
wrong	entree,24
funny	part,24
enough	peace,24
helpful	anything,24
strange	smell,24
odd	fix,24
gorgeous	beach,24
odd	beer,24
enough	entertainment,24
nice	theatre,24
excellent	loads,24
nice	tip,24
healthy	choices,24
magnificent	example,24
premier	flight,24
best	brussel,24
great	value-for-money,24
top	end,24
delicious	piece,24
nicer	group,24
sharp	piece,24
nasty	marks,24
silly	side,24
interesting	journey,24
tough	beef,24
safe	box,24
memorable	evening,24
odd	tarantula,24
perfect	lots,24
shallow	end,24
free	items,24
aggressive	driver,24
fabulous	resort,24
cheap	get,24
enough	english,24
excellant	holiday,24
broken	tiles,24
spacious	beach,24
best	dessert,24
reasonable	pace,24
bug	gassers,24
skinny	legs,24
great	sweat,24
good	sum,24
quiet	beach,24
good	levels,24
great	dancer,24
fantastic	menu,24
wonderful	fruit,24
bad	burger,24
bad	nachos,24
wild	beach,24
horrendous	humidity,24
easy	ride,24
wonderful	esort,24
enough	cots,24
unwanted	drinks,24
quiet	drink,24
heavenly	chocolate,24
complementary	drinks,24
proper	paris,24
great	buzz,24
bad	high,24
excellent	show,24
strongest	mossie,24
strong	drinks,24
shallow	waters,24
strict	schedule,24
funny	taste,24
seasoned	sushi,24
popular	movie,24
fresh	buns,24
glorious	weeks,24
genuine	complaint,24
modern	shower,24
drunken	people,24
good	bar/buzz,24
lovely	lady,24
shallow	ones,24
fantastic	entertainment,24
great	show,24
crisp	room,24
soft	drink,24
best	brusetta,24
odd	times,24
disappointing	island,24
wonderful	guests,24
fine	croissants,24
tough	one,24
greasy	burgers,24
loud	music,24
awkward	moment,24
pamper	packs,24
healthy	eat,24
scratch	scratch,24
smelling	aircon,24
wonder	vacation,24
courteous	people,24
good	laugh,24
incredible	crepes,24
smart	table,24
friendly	worker,24
slick	check,24
atrocious	driving,24
lengthy	location,24
great	waiter,24
clever	thief,24
lazy	days,24
fine	size,24
fabulous	staff,24
excellent	burgers/hotdogs,23
limited	slot,23
wonderful	fluffy,23
good	sunburns,23
comfy	beach,23
great	accomodations,23
fresh	meat,23
best	snorkeling,23
negative	aspects,23
beautiful	prestine,23
cold	a/c,23
wonderful	weeks,23
gold	wrist,23
wicked	nachos,23
good	cocktail,23
great	tine,23
great	disco,23
free	shots,23
excellent	merchandise,23
best	banana,23
bumpy	road,23
awesome	cause,23
bad	manners,23
nice	lager,23
nice	job,23
worth	it-audience,23
funny	characters,23
right	infront,23
sweet	tooth,23
blow	dryer,23
stupid	things,23
free	cigar,23
complimentary	toiletries,22
best	aspect,22
good	scrubbing,22
good	orange,22
cheesy	stuff,22
loud	dance,22
untouched	beach,22
bright	lights,22
gold	bands,22
quiet	ac,22
good	beef,22
slow	lifts,22
great	building,22
relish	packets,22
great	sitting,22
shocking	incident,22
stale	pastries,22
calm	water,22
cheap	motel,22
sour	mash,22
dangerous	kids,22
irresponsible	family,22
weak	stomacks,22
free	food,22
dangerous	water,22
thank	goodness,22
shallow	ends,22
great	bartenders,22
free	copy,22
enough	leg,22
stale	smoke,22
strong	i,22
good	condition,22
lovely	beach,21
limited	spanish,21
cheap	jewelry,21
broken	railings,21
delicious	coco,21
wonderful	resort,21
rusty	water,21
great	plenty,21
dead	cow,21
beautiful	grounds,21
cheap	souvenirs,21
sexy	ladies,21
best	pizzas,21
bad	ones,21
dead	tarantula,21
odd	tip,21
odd	numbers,21
amazing	train,21
picky	eaters,21
great	beach,21
sleek	look,21
good	tipper,21
good	dollar,21
cheap	mans,21
pleasant	smelling,21
sad	time,21
enjoy	ourselves,21
strong	stomach,21
limited	hours,21
bored	teens,21
beautiful	folds,21
sensitive	skin,21
rotten	smell,21
pleasant	demeanor,21
silly	prices,21
miss	maid,21
crappy	rusty,21
good	swimmer,21
easy	thanks,21
hefty	markup,21
shady	spot,21
bad	room,20
knowledgeable	concierge,20
happy	staff,20
swift	check,19
odd	cloudy,19
nicest	groundsi,19
funny	guy,19
nice	swans,19
clean	restaurants,19
rich	folks,19
free	minibar,19
great	street,19
like	bavero,19
awesome	vacation,19
nice	cool,19
good	relaxing,19
like	ours,19
peaceful	setting,19
bad	reports,19
grand	entrance,19
quiet	weeks,19
welcome	talk,19
rude	bunch,19
good	placewe,19
bizarre	reviews,18
stunning	beaches,18
fine	stuff,18
quiet	section,18
picky	travellers,18
wrong	value,18
crazy	cow,18
great	leader,18
nice	peopleweather,18
gorgeous	palm,18
awesome	i,18
proper	change,18
sensational	value,18
cold	presidante,18
noisy	guests,18
nice	flowers,18
scathing	reviews,18
negative	thought,18
poor	fixings,18
sick	people,18
dirty	substandard,18
good	rest,18
good	one,18
welcome	bar,18
enough	spending,18
drunken	tourists,18
bad	sickness,18
gorgeous	pancakes,18
great	sailing,18
super	team,18
worse	enough,18
brilliant	dancers,18
skimpy	bikini,18
fresh	salads,18
good	vacation,18
welcome	drinks,18
authentic	atmosphere,18
best	kids,18
nice	rest-want,18
fun	grounds-,18
lovely	gardens,18
beautiful	items,18
happy	staying,18
fabulous	canada,18
stupid	tourist,18
enough	stations,18
nice	reminder,18
scam	artists,18
relaxed	state,18
hard	workers,18
free	liquor,18
aggressive	vendors,18
better	necklaces,18
miserable	employees,18
enough	u,17
free	lolthanks,17
dominated	room,17
peaceful	courtyard,17
enough	varities,17
excellent	accommadition,17
funny	road,17
fresh	juce,17
brilliant	beach,17
lovely	i,17
uncomfortable	seat,17
unlikely	event,17
bumpy	roads/tracks,17
good	complex,17
fun	beach,17
good	base,17
good	level,17
nice	i,17
reputable	jeweller,17
cramped	flight,17
happy	holiday,17
good	tlc,17
good	haggle,17
lovely	surroundings,17
great	massage,17
nice	chips,17
bad	value,17
welcome	pack,17
beautiful	sunshine,17
funny	looks,17
poor	compromise,17
best	usecraig,17
wild	life,17
muddy	patches,17
good	i,17
best	tour,17
fussy	person,17
better	facilities,17
dangerous	location,17
quieter	areas,17
shallow	part,17
great	linens,17
awesome	experiences,17
great	chill,17
better	music,17
smug	expression,17
wild	dolphins,17
cramped	conditions,17
sufficient	coolness,17
good	grasp,17
lovely	weeks,17
pleasant	holiday,17
bright	colours,17
important	bit,17
accurate	job,17
top	tips,17
gentle	pace,17
calm	bath,17
best	seutid,17
good	allways,17
smooth	ride,16
nice	cross,16
affordable	holiday,16
good	hotel-,16
hard	rocks,16
better	pricing,16
hot	everyday,16
unbiased	synopsis,16
best	friends,16
limited	resources,16
best	beach,16
great	excursion,16
dire	need,16
hot	room,16
enough	facilities,16
hot	meals,16
better	exchange,16
clean	sheets,16
fine	art,16
premier	seat,16
lovely	body,16
fresh	water,16
excellent	escape,16
excellent	carvery,16
right	past,16
helpful	person,16
brutal	roads,16
good	bits,16
better	product,16
stiff	pour,16
best	bets,16
wonderful	pools,16
enjoyable	holiday,16
nasty	irritations,16
poor	road,16
peaceful	location,16
nasty	sand,16
hot	monthy,16
limited	selection,16
decent	piece,16
favorite	restaurants,16
beautiful	towel,16
good	play,16
poor	sods,16
indifferent	seats,16
pleasant	surprise-,16
generous	tip,16
difficult	conditions,16
excellent	rum,16
complimentary	toilletries,16
hard	sweeping,16
negative	note,16
positive	mind,16
expensive	earrings,16
wonderful	cocktails,16
outstanding	solvanki,16
excellent	fun,16
perfect	wedding,16
bad	holiday,16
fresh	pasta,16
worth	spending,16
fabulous	lunch,16
unreasonable	expectation,16
poor	just,16
decent	bottle,16
available	til,16
boring	vacation,16
decent	lunch,16
helpful	-thank,16
bad	tummies,16
wonderful	beach,16
limited	ability,16
expensive	cab,16
lemon	line,16
loud	noise,16
clean	beach,16
dark	rum,16
lengthy	travel,16
free	shop,16
beautiful	plants,16
correct	money,16
enough	chairs,16
fresh	fish,16
important	factor,16
tough	order,16
enough	toiletries,16
strange	mixture,16
cheapest	trip,16
beautiful	garden,15
chic	location,15
quiet	road,14
luxurious	location,14
adequate	closet,14
delightful	eat,14
best	resort,14
helpful	advice,14
great	weekend,14
unbelievable	value,14
hot	tub,13
lazy	sun,13
good	mind,13
pretty	bland,13
amazing	scenery,13
magnificent	waves,13
noisy	resort,13
rubbish	somedays,13
decent	roads,13
great	trips,13
nervous	driver,13
fried	plantain,13
wrong	drink,13
pleasant	ocean,13
dishonest	room,13
greatest	surprise,13
beautiful	day,13
good	startreturn,13
great	kindness,13
great	honeymoon,13
worst	additude,13
good	inspection,13
fantastic	attitudes,13
incredible	hot,13
interesting	observation,13
unpredictable	location,13
funny	smell,13
negative	responses,13
cold	whirlpools,13
solid	day,13
allergic	complications,13
free	snacks,13
great	attitude,13
great	excuse,13
slower	boat,13
clean	sort,13
memorable	holiday,13
nice	animators,13
stale	urine,13
bad	music,13
perfect	vacation,13
nice	sauna,13
good	rep,13
chronic	diarrhea,13
best	theme,13
great	stretch,13
expensive	site,13
best	freind,13
great	deals,13
good	beach,13
shocked	amazement,13
bad	press,13
poor	standard,13
awful	flight,13
broken	lock,13
worthwhile	time,13
complex	ran,13
hot	dog,13
bad	flight,13
greatest	spread,13
fantastic	fun,13
negative	star,13
pleasant	vacation,13
fabulous	people,13
great	adventure,13
remarkable	qualityexcursions,13
good	performers,13
unnecessary	complaints,13
smelly	furniture,13
good	deal-,13
good	show,13
strong	winds,13
free	paper,13
fresh	vegtables,13
crowded	beaches,13
warm	water,13
fair	number,13
dishonest	staff,13
skimpy	clothes,13
fine	food,13
isolated	incident,13
terrible	condition,13
good	both,13
wrong	coach,13
fantastic	professional,13
shallow	walk-in,13
valuable	staff,13
shallow	kiddy,13
fantastic	holidays,13
great	facilities,13
good	facilities,13
mystery	meat,13
bad	quality,13
sour	pork,13
proper	merengue,13
beautiful	swan,13
broken	hairdryer,13
fine	day,13
fantastic	one,13
pretty	cheesey,13
fresh	beverages,13
unforgettable	week,13
great	amusement,13
friendly	resort,13
honest	reveiw,13
quiet	holiday,13
golden	colour,13
loud	bands,13
strict	budgets,13
pretty	drinks,13
excellent	towards,13
selfish	behavior,13
free	non,13
inefficient	workers,13
free	alcohol,13
entertaining	staff,13
fun	sense,13
complex	asap,13
idyllic	island,13
broken	bottle,13
important	note,13
good	entertainment,13
great	believer,13
great	spirit,13
lengthy	beach,13
interesting	pizza,13
sad	part,13
nice	suprise,13
mediocre	domincan/american/other,13
worst	enemy,13
bad	lot,13
bad	stomach,13
perfect	beach,13
top	part,13
interesting	designs,13
lazy	holiday,13
safe	plave,13
limited	english,12
nice	holiday,12
nice	song,12
beautiful	shapes,12
clean	maids,12
comfortable	airline,12
hot	location,12
great	pools,12
fantastic	everyday,12
horrible	beach,12
good	look,12
decent	gym,12
fabulous	items,12
obnoxious	staff,12
severe	motion,12
dull	moment,12
poor	customer,12
awesome	plants,12
great	entertainments,12
hot	sand,12
lovely	manuel,12
reasonable	holiday,12
great	program,12
disapointed	room,12
nice	warm,12
great	ocean/pool,12
friendly	towns,12
beautiful	complex,12
great	resorts,12
broken	english,12
best	excursions,12
nice	sandy,12
peaceful	side,12
great	activities,12
great	entertainment,12
bad	vacation,12
cold	presidente,12
hard	everyday,12
nice	spa,12
nasty	tasting,12
lively	side,12
severe	peanut,12
happy	chappies,12
gold	course,12
shaky	side,12
dangerous	room,12
good	showreview,12
disapointing	trip,12
perfect	body,12
hot	relaxing,12
great	memebers,12
better	french,12
hot	plate,12
scary	walkthru,12
pleasant	facility,12
good	yes,12
clean	pools,12
good	infact,12
worst	cabin,12
shaky	plane,12
nice	balconys,12
energetic	people,12
bug	spray,12
nice	spent,12
perfect	resort,12
happy	travellers,12
lovely	aromatherapy,12
good	luck,12
avid	travelers,12
excellent	seats,12
golden	sands,12
delicious	dishes,12
naughty	children,12
best	menu,12
peaceful	day,12
great	excercise,12
best	seat,12
nice	tripjacky,12
good	storage,12
free	flowing,12
bad	e,12
hot	sun,12
upscale	restaurants,12
quiet	resort,12
soft	sand,12
beautiful	beaches,12
sour	note,12
best	times,12
fantastic	james,12
beautiful	landscaping,12
sickness	medicine,12
beautiful	sand,12
ignorant	attitude,12
bumpy	though,12
enough	sun,12
unexplained	bites,12
funny	time,12
fake	cigars,12
good	lesson,12
beautiful	flowers,12
hot	foot,12
nice	week,12
proper	credit,12
pleasant	breeze,12
poor	food,12
free	beer,12
utterly	degrading,12
fabulous	works,12
nice	reasonable,12
obnoxious	people,12
cheap	brands,12
poor	attitude,12
beautiful	entrance,12
unfortunate	part,12
bad	days,12
awesome	luxury,12
smelt	foisty,12
bad	bits,12
good	thursday,12
sweet	guy,12
horrible	stink,12
stunning	beach,12
disappointing	trip,12
weak	stomachs,12
proper	meal,12
cold	cut,12
free	necklaces,12
fake	cock,12
thank	god,12
boring	entrance,12
strong	smell,12
weird	stuff,12
nice	tanning,12
friendly	waves,12
creative	minds,12
lovely	my,12
amazing	beach,12
fantastic	family,12
generous	amounts,12
cracked	tiles,12
odd	item,12
lovely	relaxing,12
beautiful	ocean,12
good	swimmers,12
best	strawberry,12
weak	side,12
grand	total,12
cheap	value,12
golden	chance,12
beautiful	carmen,12
clean	resort,12
excellent	beach,12
comfortable	wicker,12
dire	super,12
hard	work,12
bright	spot,11
good	menu,11
disappointed	look,11
trendy	meat,11
good	fruit,11
poor	things,11
expensive	spots,11
poor	reception,11
fantastic	southern-inspired,11
upbeat	room,11
perfect	location/room,11
great	corner,11
famous	red,11
quiet	weekend,11
nice	furniture,11
wonderful	photos,11
nice	tho,11
sloppy	guests,11
fantastic	day,11
fine	nothing,11
exceptional	customer,11
fancy	whirlpool,11
nasty	floor,11
clean	well,11
great	standard,11
great	destination,11
negative	things,11
chic	vibe,11
top	nyc,11
easy	clean,11
finest	cheesecake,11
seedy	motel,11
pleasant	change,11
bad	breakfast,11
stylish	look,11
cheap	furniture,11
golden	globes,11
depressing	grey,11
impractical	hallway,11
good	music,11
good	move,11
obnoxious	waiter,11
available	downstairs,11
modern	location,11
hard	rcok,11
convenient	locations,11
dark	gray,11
dust	bunnies,11
modern	hotels,11
great	news,11
glorious	space,11
important	parameter,11
sharp	corners,11
quiet	nights,11
hefty	value,11
poor	holiday,11
mad	inconvenient,11
lackluster	room,11
bad	mattresses,11
positive	tripadvisor,11
ugliest	tile,11
overwhelming	selection,11
tired	furnishings,11
nice	tvs,11
limited	saucepans,11
wrong	web,11
free	ny,11
romantic	week,11
free	breakfasts,11
clumsy	tendencies,11
odd	lobby,11
free	morning,11
energetic	day,11
positive	point,11
excellent	water,11
limited	number,11
appropriate	linens,11
top	bag,11
clear	views,11
grand	lobby,11
poor	reviews,11
comfortable	desk,11
good	cv,11
great	midtown,11
authentic	cuban,11
slow	elevator,11
best	apples,11
dark	lighting,11
broken	blinds,11
spacious	accommodation,11
nice	pieces,11
negative	side,11
amazing	evening,11
disruptive	sounds,11
helpful	eg,11
pure	pleasure,11
dreary	facade,11
ignore	comments,11
fuzzy	television,11
top	tier,11
weird	things,11
top	suites,11
great	subway,11
enough	elevators,11
miserable	time,11
free	ferry,11
great	master,11
great	value-for-money-hotel,11
uncomfortable	pillows,11
modest	accommodations,11
trendy	decor,11
fair	shape,11
hospitable	welcome,11
pretty	penny,11
spacious	king,11
complimentary	tastings,11
damn	time,11
courteous	front,11
adequate	towels,11
cheaper	],11
solid	construction,11
dusty	drapes,11
cold	food,11
bad	after-taste,11
isolated	occasions,11
great	times,11
awful	bites,11
noise	issues,11
cool	nyc,11
ideal	solution,11
hot	plates,11
good	sens,11
poorly	lit,11
quiet	refrigerator,11
enough	lifts,11
good	feedback,11
like	water,11
terrific	mess,11
efficient	lobby,11
hot	option,11
free	weight,11
odd	things,11
excessive	use,11
rude	concierge,11
favorite	band,11
outstanding	front,11
speedy	housekeeping,11
poor	picture,11
modern	hip,11
good	handyman,11
satisfactory	time,11
dull	monochrome,11
bad	shape,11
clean	fluffy,11
wonderful	base,11
great	vibe,11
excellent	speed,11
shaky	time,11
modern	furnishings,11
fake	flowers,11
stylish	decor,11
negative	aspect,11
soft	color,11
nasty	elevator,11
sad	room,11
grand	lobbys,11
lovely	corner,11
cheap	fixtures,11
defective	screen,11
unbeatable	value,11
good	compromise,11
bad	need,11
broken	cupboards,11
frustrating	time,11
enough	utensils,11
pretty	minilimist,11
sweetheart	room,11
adversarial	towards,11
chic	evening,11
bad	comments,11
bulky	office,11
top	cord,11
indifferent	staff,11
trendy	vibe,11
fantastic	pressure,11
ridiculous	room,11
dark	lobby,11
favorable	memory,11
helpful	door,11
noisy	people,11
immaculate	condition,11
excellent	diner,11
enjoy	central,11
horrible	odour,11
loud	conversations,11
pleasant	people,11
dishonest	crooks,11
compact	fridge,11
firmer	beds,11
accessible	room,11
pleasant	whilst,11
good	clean,11
great	upgrade,11
great	fruit,11
friendly	aspects,11
pleasant	surroundings,11
stylish	venue,11
tired	kitchen,11
sub-par	shower,11
helpful	whenever,11
sophisticated	retreat,11
cheap	tiles,11
fantastic	water,11
good	space,11
good	easy,11
super	sweet,11
noisy	neighbours,11
odd	number,11
uncomfortable	time,11
right	degree,11
broken	window,11
cold	time,11
spacious	desk,11
cheap	styrofoam,11
proper	glasses,11
uncomfortable	room,11
available	choices,11
crazy	prices,11
funny	acts,11
good	morning,11
free	printing,11
rusty	fixtures,11
successful	time,11
fuzzy	reception,11
promised	complimentary,11
odd	room,11
complimentary	bagels,11
solid	wall,10
fresh	flower,10
severe	asthma,10
delicious	morning,10
perfect	setting,10
soft	thick,10
cozy	lounges,10
regal	assortment,10
great	ny,10
great	unit,10
efficient	location,10
poor	taste,10
great	scenerio,10
elegant	conservatory,10
false	impressions,10
excellent	cons,10
elegant	sunroom,10
uncomfortable	chairs,10
better	property,10
generous	space,10
delicious	breakast,10
lovely	colors,10
charming	neighborhoods,10
fair	review,10
saggy	mattresses,10
great	luxembourg,10
extraordinary	attention,10
beautiful	trees,10
best	burger,10
great	efforts,10
nice	lady,10
generous	breadbasket,10
good	steak,10
gorgeous	courtyard,10
flawless	suite,10
trendy	eat,10
lovely	toiletries,10
proper	desk,10
coolest	time,10
disinterested	ladies,10
great	garden,10
peaceful	retreat,10
humid	season,10
great	locatin,10
cozy	duvets,10
appreciated	customer,10
proper	log,10
fresh	vegetables,10
classic	bedrooms,10
horrible	room,10
cold	days,10
fabulous	shopping,10
nice	views,10
excellent	condition,10
easy	subway,10
pretty	courtyard,10
exceptional	value,10
honest	error,10
expensive	restaurants,10
pretty	decorations,10
adequate	lighting,10
excellent	breads,10
comfortable	sofas,10
right	bank,10
lovely	girl,10
stylish	well,10
cute	mice,10
great	in-room,10
great	suggestion,10
helpful	review,10
weak	spot,10
complimentary	colors,10
good	feeling,10
delicious	breakfasts,10
elegant	accommodation,10
fine	location,10
efficient	check,10
hard	core,10
trump	card,10
terrific	condition,10
hot	summer,10
memorable	moments,10
cozy	courtyard,10
modern	platform,10
wonderful	health,10
good	concierge,10
easy	shot,10
nice	memory,10
modern	condition,10
beautiful	buildings,10
ample	drawer,10
free	museum,10
exquisite	hospitality,9
great	mix,9
perfect	harmony,9
clean	streets,9
famous	garden,9
beautiful	sites,9
nice	coffee/tea,9
lush	garden,9
quiet	rest,9
cold	plates,9
scratchy	towels,9
welcome	refuge,9
greatest	respect,9
proper	shower,9
delightful	decor,9
fresh	sourdough,9
amazing	patisserie,9
sophisticated	travel,9
useless	hairdryer,9
great	shops,9
inevitable	noise,9
cold	week,9
excellent	decision,9
free	terminal,9
hot	soups,9
stylish	shops,9
excellent	'continental,9
comfortable	chairs,9
unforgettable	paris,9
great	space,9
comfortable	bath,9
free	wine,9
perfect	retreat,9
wonderful	chocolate,9
weary	traveler,9
uncomfortable	walking,9
crisp	sheets,9
bemused	delight,9
mediocre	quality,9
tranquil	base,9
authentic	dinner,9
smallish	charming,9
nice	fire,9
fresh	breads,9
upscale	location,9
fresh	breads/pastries,9
great	directions,9
warm	location,9
inferior	paris,9
chintzy	furnishings,9
charming	staff,9
welcome	tonic,9
soft	blankets,9
happy	guests,9
exciting	travel,9
best	pannacotta,9
wonderful	suite,9
good	sights,9
great	position,9
lovely	shops,9
romantic	side,9
good	memory,9
available	staff,9
fabulous	st,9
good	a/c,9
fantastic	impression,9
ample	closet,9
great	boulanger,9
delightful	places,9
right	combination,9
stylish	cafe,9
top	on-off,8
magical	time,8
clever	designs,8
luxurious	weekend,8
fine	restaurants,8
picturesque	garden,8
beautiful	boutiques,8
fabulous	retreat,8
pure	bliss,8
quiet	retreat,8
wonderful	neighborhood,8
wonderful	decoration,8
fantastic	pieces,8
wonderful	neighbourhood,8
excellent	shops,8
rue	cassette,8
nice	team,8
pretty	rough,8
good	brasseries,8
warm	wood,8
elegant	location,8
great	-you,8
easy	connection,8
great	convenience,8
wonderful	reccomendations,8
remarkable	time,8
noisy	streets,8
classic	style,8
better	tub-shower,8
great	conservatory,8
tranquil	setting,8
flawless	decoration,8
sour	taste-,8
rue	bonaparte,8
comfortable	places,8
amazing	charm,8
lovely	environment,8
favorite	memories,8
cozy	fireplace,8
lovely	pot,8
excellent	spaghetti,8
poor	performers,8
elegant	boutiques,8
good	transit,8
effusive	welcome,8
wonderful	garden,8
fantastic	boutiques,8
friendly	time,8
great	sheets,8
hot	shower,8
happy	time,7
welcome	note,7
wonderful	bonus,7
upscale	pierre,7
great	wood,7
rue	cherche,7
good	welcome,7
useful	saint,7
gorgeous	marble,7
attractive	atrium,7
musty	room,7
reasonable	distance,7
delightful	left,7
romantic	paris,7
serene	location,7
lovely	courtyard,7
cozy	wtih,7
cute	street,7
pleasant	breakfast,7
great	taste,7
wonderful	part,7
beautiful	house,7
romantic	visit,7
perfect	sanctuary,7
courteous	help,7
perfect	escape,7
festive	atmosphere,7
beautiful	gardens,7
loud	americans,7
friendly	concierge,7
delicious	apple,7
throbbing	travel,7
nice	courtyard,7
fabulous	croissants,7
good	shops,7
favorite	neighborhood,7
wonderful	pizza,7
strong	recommendation,7
fresh	quiche,7
good	travel,7
loud	people,7
soft	seats,7
lovely	chaps,7
noisy	room,7
lovely	tray,7
excellent	la,7
classic	charm,7
top	ship,7
cold	waving,7
timid	traveller,7
decent	cup,7
weak	dollar,7
beautiful	crank,7
welcome	home,7
easy	metro,7
delightful	ground,7
famous	pastry,7
great	attention,7
inexpensive	winter,7
super	prime,7
pleasant	courtyard,7
quiet	relaxing,7
roomy	bedroom,7
nice	sitting,7
charming	parlor,7
lovely	living,7
enjoyable	breakfast,7
warm	series,7
wonderful	refuge,7
superior	staff,7
exceptional	charm,6
cute	clean,6
logical	room,6
nice	bars,6
friendly	whilst,6
incredible	food,6
clean	reception,6
excellent	ambassador,6
best	patisseries,6
hefty	charge,6
good	links,6
bad	results,6
enough	milk,6
delightful	dinners,6
great	oasis,6
sweet	roll,6
hot	help-yourself,5
comfortable	chain,5
easy	tube,5
efficient	manor,5
fascinating	time,5
friendly	etc,5
gold	card,5
cheap	breakfast,5
great	housekeeping,5
poor	sound,5
impressive	room,5
unusable	bed,5
long-time	visitor,5
cold	dishes,5
lovely	comfy,5
welcome	change,5
enviable	ability,5
inferior	quality,5
inconsiderate	guest,5
lovely	bathrobes,5
good	touch,5
bizarre	banging,5
wrong	decision,5
good	train,5
best	bookshops,5
limited	tv,5
cold	options,5
handy	waitrose,5
complimentary	extras,5
pleasant	guy,5
reasonable	time,5
impressive	efficiency,5
modern	pub,5
fresh	egg,5
poor	approach,5
poor	bar,5
fresh	melon,5
weary	travellers,5
interesting	sounds,5
awesome	shopping,5
affordable	value,5
useful	piccadilly,5
nice	shopping,4
sharp	decoration,4
top	choices,4
good	alarms,4
bright	lobby,4
disabled	room,4
gold	leaf,4
wonderful	marchmont,4
stressful	trip,4
weird	reason,4
great	shame,4
disabled	traveller,4
impeccable	room,4
excellent	pub,4
better	setup,4
bad	water,3
pricey	internet,3
good	bar/pub,3
unaffordable	room,3
funky	outdoor,3
best	member,3
helpful	gary,3
poor	review,3
significant	difference,3
pleasant	dining,3
rude	receptionist,3
fancy	frills,3
redeeming	quality,3
friendly	personality,3
quiet	level,3
nice	english,3
reasonable	neighbourhood,3
lovely	brunswick,3
pleasant	lounges,3
hot	foods,3
excellent	break,3
noisy	staff,3
significant	scrapes,3
great	tube,3
understandable	noises,3
best	croisants,3
disabled	son,3
cheap	grocery,3
loyal	customers,3
quiet	end,3
cheap	taxi,3
better	half,3
unsuspecting	buyer,3
pricier	hotels,3
better	connections,2
authentic	london,2
quiet	centre,2
impaired	person,2
straightforward	job,2
frozen	image,2
better	fare,2
proper	adoptor,2
good	state,2
stressful	day,2
lovely	shopping,2
good	pubs,2
soft	pillows,2
excellent	band,2
fresh	croissants,2
proper	one,2
great	lot,2
top	ones,2
rubbish	tv,2
poor	maintenance,2
safe	neighbourhood,2
excellent	shopping,2
top	drawer,1
significant	ihg,1
dull	building,1
modern	lobby,1
disabled	person,1
greatest	savings,1
good	evening,1
pleasant	lobby,1
delightful	portuguese,1
good	spread,1
expensive	spirits,1
freezing	time,1
enjoyable	meal,1
smart	foyer,1
solid	london,1
disappointing	one,1
loud	clicking,1
better	offer,1
rubbish	accommodation,1
fist	time,1
complimentary	newspaper,1
wild	boar,1
good	pub,1
false	alarm,1
fried	stuff,1
upgraded	toiletries,1
clean	lobby,1
comfortable	temperature,1
wonderful	beds,1
right	beside,1
bad	expierence,1
fair	range,1
better	isolation,1
good	layout,1
uncomfortable	none,1
good	shops/bars/restaurants,1
noisy	fridge,1
disabled	daughter,1
loud	gurgling,1
spacious	twin,1
solid	gold,1
excellent	architecture,1
