famous	one,1
friendly	bellman,6
limited	touring,48
fantastic	bouquet,11
negative	points,15
great	benefit,11
lovely	eat,11
nice	bazaar,1
cool	quick,63
perfect	meeting,128
favorite	places,33
amazing	rooftop,103
cheapest	option,15
excellent	guest,230
comfortable	environment,6
easy	couple,1
pleasant	expirience,4
nicest	women,5
relaxed	atmosphere,18
reasonable	location,474
elegant	curtains,3
perfect	base,355
comfortable	air-,1
welcome	note,27
great	job,760
dark	marks,11
excellent	nights,11
nice	bar,37
comfortable	atmosphere,6
free	bars,11
free	transportation,12
comfortable	travel,3
limited	time,32
dedicated	room,12
rude	staff,6
best	quiche,119
wonderful	size,130
nice	touches,290
friendly	reception,112
cozy	side,1
reasonable	fee,230
wonderful	extras,14
limited	menu,15
wonderful	bonus,169
hot	tub,263
ugly	attitude,12
excellent	air-conditioning,1
warm	hosts,3
happy	passengers,6
comfortable	airline,12
facilitate	shopping,6
worst	location,169
silent	room,2
nice	gesture,31
hectic	day,5
musty	smell,6
free	call,5
lovely	fire,11
fabulous	room,371
soft	drinks/water,14
hot	location,3
good	commentary,1
quiet	location,591
excellent	tram,14
warm	salt,12
magical	time,147
friendly	girl,186
great	helpful,12
complimentary	car,17
lush	towels,26
favorable	thumbnail,230
enchanting	travel,3
nice	oasis,6
friendly	territory,118
nice	selection,515
free	wi-fi,933
pretty	convenient,236
good	ask,11
gorgeous	via,3
cozy	environment,6
stronger	dollar,12
affordable	hotels,4
glorious	noise,5
courteous	replies,230
trusty	eat,11
great	internet,11
wonderful	job,6
good	personnel,11
good	english,1115
lovely	lady,12
fresh	fruits,271
sparkling	wine,200
great	welcome,3
oblique	location,12
repulsive	viewing,16
good	recommendations,9
nicest	ones,6
remarkable	seattle,50
first-rate	accommodations,125
great	meal,135
excellent	directions,9
excellent	prices,7
excellent	choise,231
top	rating,3
great	drinks,6
positive	trip,18
lovely	location,80
wonderful	feeling,3
hot	chocolates,14
great	qiuck,6
great	day,6
good	option,8
great	stores,181
famous	international,6
nice	food,6
fine	breakfasts,1
healthy	room,6
friendly	[,1
comfortable	king,25
excellent	spectacle,12
expensive	room,306
cozy	lounge,11
free	access,73
good	pick,3
enough	cash,219
convenient	accommodation,230
healthy	staples,3
great	prelude,15
dirty	internet,6
delicious	yogurt,230
good	hotels,26
nice	views,12
limited	amount,11
best	meal,255
perfect	spot,238
unexpected	treat,15
greatest	charms,230
stressful	morning,1
good	nights,40
reasonable	convenience,3
wonderful	gem,130
hard	match,13
soft	bed,7
convenient	amsterdam,11
good	desk,6
inferior	room,17
finest	canals,11
awesome	florida,11
delicious	breads,12
nice	desk,28
warm	days,121
prefered	room,6
cheap	restaurants,2
good	friend,27
genuine	thanks,4
easy	acess,22
best	assets,230
excellent	concept,24
convenient	access,23
good	memories,14
inexpensive	eat,6
good	time,3102
great	bar,229
free	wine,25
friendly	greeting,13
honored	guests,21
important	sites,463
liked	amsterdam,11
restful	time,6
excellent	recommendations,255
cheaper	alternatives,1
ample	room,305
attentive	staff,183
top	scores,3
famed	skid,16
comfortable	accommodations,46
good	showers,1
favorite	seattle,63
nicest	beds,14
good	luck,204
spotless	facilities,1
steep	hill,34
wonderful	spread,4
cheaper	parking,165
upgraded	location,5
convenient	room,223
complimentary	beverage,15
fantastic	quality,3
expensive	drinks,12
fabulous	breakfast,12
fabulous	restaurants,335
great	deals,17
beautiful	sunsets,32
excellent	airport,1
beautiful	boutique,26
finest	men,18
good	snacks,11
unlimited	drinks,13
cheap	pizarrias,3
grand	bazar,1
favorite	hotels,30
bad	form,11
happy	hour`,13
beautiful	terrace,1
good	customer,18
easy	route,3
great	spread,3
bad	pain,15
recommended	prices,11
happy	hours,6
generous	size,14
hefty	sum,12
reasonable	alternative,6
nice	avenue,2
easy-to-use	entertainment,6
ineffective	ac,5
excellent	room,948
nice	thanks,11
nice	fireplace,25
seedy	location,230
odd	hours,56
disapointment	reception,12
good	variety,458
good	part,17
lacking	storage,13
comfortable	sunloungers,5
right	temperature,6
lovely	setting,17
happy	visit,15
complementary	mini-bar,12
tiring	room,3
right	eye,5
beautiful	plants,1
clean	room,3495
lovely	people,12
hard	booze,15
excellent	restaurants,146
friendly	surroundings,11
noisy	courtyard,31
bad	back,11
good	b,3
obscure	sign,5
fresh	omelette,4
good	i,1
fine	fixtures,3
delightful	culmination,21
clear	staff,17
enjoyed	room,3
cold	meat,27
convenient	store,8
clean	refreshing,6
easy	fix,6
great	character,230
famous	hotels,3
secure	manner,6
lovely	days,13
friendly	staff,4262
nice	setting,11
fabulous	florida,5
great	pride,2
nice	restaurants,1005
nice	sites,1
welcome	distraction,6
great	english,210
ample	size,1
polite	peolple,6
awesome	time,153
comfortable	seating,12
pleasant	room,291
important	time,4
responsive	staff,66
inevitable	hoards,5
free	glasses,15
free	high-speed,5
beautiful	townhouse,41
pleasant	roof,1
worst	value,1
beautiful	ocean,61
expensive	one,3
hot	shower,294
memorable	amsterdam,12
reasonable	room,2
free	newspapers,33
cramped	spaces,3
charming	travel,72
significant	item,11
incredible	views,111
safe	neighhood,3
top	mattresses,6
helpful	manner,53
difficult	morning,1
right	adapter,3
cozy	room,11
comfortable	weekend,13
warm	train,175
great	ones,13
scary	noise,15
interesting	shops,7
poor	customer,22
stupid	rip-offs,12
great	photos,3
fine	restaurants,279
free	weights,16
great	ate,6
best	gelato,41
deceptive	advertising,6
excellent	facilities,11
great	garden,19
luxurious	room,17
beautiful	entry,17
nice	garden,1
nice	clothes,11
reputable	shopping,230
good	plans,1
fantastic	sun,6
greatest	protection,18
free	travel,275
fresh	everymorning,230
excellent	perks,11
warm	buon,3
bad	meal,2
helpful	suggestions,1
nice	locations,3
comfortable	home-away-from-home,18
beautiful	seattle,25
delicious	dinners,19
good	spumante,230
happy	customers,6
generous	attitude,6
mature	couple,3
limited	number,3
poor	sleeper,174
greatest	hotels,1
handsome	design,37
well-run	inn,3
hard	pastry,4
pleasant	one,180
excellent	position,26
complimentary	refreshments,11
sensitive	guests,1
good	club,17
upscale	accommodations,27
charming	man,11
complementary	mini,15
pleasant	change,12
good	breakfasts,237
realistic	gas,12
horrible	customer,15
fresh	grapes,1
cold	room,5
excellent	resturaunt,11
delicious	dinner,156
inexpensive	indonesian,11
wrong	time,12
great	country,12
upscale	food,3
wonderful	rooftop,27
good	size,1598
compact	design,116
posh	digs,144
delicious	treat,45
good	restaurants,1720
excellent	orientation,2
good	laughs,3
attractive	garden,32
inexpensive	snacking,13
healthy	choices,1
impressive	structure,1
peaceful	room,13
great	drink,10
super	clean,146
pleasant	courtyard,17
fresh	juices,261
upgraded	water-view,86
comfortable	lounge,5
favorite	meal,3
free	munchies,11
free	lobby,11
favorite	white,17
nice	rainshower,24
cheap	quality,13
pleasant	location,398
brilliant	time,147
hot	tube,6
nice	warm,11
gracious	hosts,6
excellent	find,4
friendly	b,2
world-famous	sights,1
better	choices,12
warm	spring,52
expensive	street,31
auspicious	time,11
top	floor,351
best	guys,1
excellent	transportation,230
regal	entry,230
cold	cereal,460
solid	food,17
easy	check,230
excellent	attention,3
lovely	decor,230
friendly	attitude,39
free	interent,23
cool	shops,129
cute	garden,1
beautiful	day,230
friendly	items,6
welcome	time,166
free	bottles,53
convenient	walking,230
nice	driver,2
economical	eat,6
best	aspect,159
wonderful	review,18
friendly	ambience,15
lovely	change,18
good	note,230
expensive	breakfast,15
noisy	crowd,12
comfy	side,1
fancy	room,11
welcome	email,230
fresh	breakfast,4
free	pick,2
fast	friends,1
friendly	breakfast,230
glorious	ways,17
great	things,307
incredible	meal,17
reasonable	height,12
good	write,3
impeccably	clean,230
dire	need,6
complimentary	transport,1
plush	room,6
wonderful	addition,230
dead	center,73
recommend	room,244
fabulous	coconut,19
first-rate	condition,3
cold	buffet,1
ample	parking,17
interesting	choices,6
wonderful	room,2137
charming	apartment,4
wonderful	house,5
superior	double,230
good	signage,230
comprehensive	guide,3
wonderful	roof,1
incorrect	information,19
good	attention,6
great	suggestions,7
famous	via,3
negative	factor,3
quiet	roads,6
warm	welcome,511
nice	anniversary,23
great	worth,6
shady	oasis,3
ample	shopping,11
good	decision,188
nice	beds,4
wonderful	things,12
good	email,230
significant	factor,13
sparkling	clean,212
adjustable	air,3
fine	job,171
complimentary	dicaners,12
generous	loyalty,11
great	bar-snack,6
great	steaks,11
fancy	linens,230
expensive	via,2
nice	family,9
welcome	guests,1
unqualified	endorsement,134
good	hospitality,6
best	nights,214
nice	bath,65
complementary	stuff,15
helpful	making,6
nice	travel,16
effective	curtains,5
nice	dinner,11
wonderful	recommendation,12
great	sleeping,9
good	shape,21
sweet	treat,26
calm	oasis,3
abundant	supply,6
sufficient	room,1
top	shape,6
great	feeling,19
complimentary	snacks,44
nice	furniture,141
delectable	treats,3
free	umbrellas,19
warm	friendly,4
smelled	very,11
clean	kind,6
ideal	time,136
safe	becouse,230
decent	beer,11
gorgeous	bouquet,35
cheap	wines,11
friendly	location,210
wonderful	amenties,58
excellent	conference,22
magical	room,273
quiet	retreat,21
expensive	rome,4
inexpensive	travel,39
good	trip,17
attractive	value,6
exceptional	value,603
lovely	canals,12
fluent	spanish,2
wonderful	anniversary,28
delightful	driver,3
fabulous	mall,22
cold	cuts,491
wonderful	base,1
exquisite	time,18
fresh	cappuccino,230
excellent	food,149
reasonable	distance,3
comfortable	living,123
pleasant	home,1
fresh	fruit,595
top	porch,19
efficient	operation,3
enthusiastic	greeting,31
nice	duvets,13
cold	floor,3
supportive	ears,6
good	combination,16
complimentary	in-room,63
beautiful	bars/,2
amazing	views,206
great	feedback,230
excellent	vacatoin,12
friendly	atmosphere,11
great	perk,11
outstanding	cooked,12
lovely	time,124
warm	fireplace,13
fantastic	array,3
thrifty	traveler,230
nice	surprise,284
wonderful	arrangement,15
adequate	offerings,230
good	stuff,11
exhaust	fan,86
nice	bosphorous,1
fancy	reception,3
adequate	items,6
fresh	croisants,14
elegant	tablecloths,3
lovely	items,8
great	touch,118
inevitable	departure,3
comfortable	bed,1288
annoying	time,236
cool	outdoor,18
fresh	sheets,6
fine	walking,103
helpful	employees,16
golden	arches,230
great	senses,230
nice	time,1350
delicious	aroma,145
flawless	english,7
good	staff,1063
reasonable	restaurants,9
accessible	room,104
lovely	perq,1
elite	society,11
wonderful	ferry,52
steady	stream,6
lovely	water,3
drunk	everyday,15
nice	perk,230
beautiful	breakfast,1
free	porn,11
nice	sweets,4
top	end,31
bright	lights,6
free	breakfast,2541
ready	willingness,1
great	shops,23
sweet	room,4
excellent	relationship,6
nice	ambiance,11
bad	day,14
modern	furnishings,12
cheap	crap,15
good	position,255
beautiful	adjoining,3
great	whirlpool,6
beautiful	borghese,6
wonderful	fruits,32
rude	guests,1
excellent	accomodations,6
lovely	addition,12
frugal	amongst,12
great	atmosphere,63
shoddy	hotels,10
reasonable	dining,5
excellent	destination,11
pretty	loud,230
better	job,16
positive	feedback,19
soft	drinks,346
appropriate	apology,3
super	nice,6
exciting	room,1
pleasant	decor,5
fresh	dispenser,8
spotless	room,25
hot	apple,18
good	range,244
good	trade,11
clean	property,12
good	standard,39
modern	decor,12
rough	time,126
nice	neighbourhood,1
nice	coffees,1
intriguing	past,1
bad	room,54
gorgeous	room,38
proud	boast,12
great	owner,11
fantastic	spot,3
relaxed	attitude,22
beautiful	corner,17
nice	car,2
great	gift,12
wonderful	architecture,12
excellent	sea,2
fresh	cookies,234
excellent	furnishings,3
good	pizzas,13
helpful	lady,11
excellent	referrals,14
worth	remembering,3
efficient	reception,13
nice	class,12
quiet	alley,230
beautiful	lighting,6
top	money,12
exemplary	feature,116
classic	design,15
wonderful	seating,13
bad	selection,6
perfect	plave,12
bad	review,35
posh	street,3
reasonable	rates,10
warm	water,5
cheap	drinks,2
wonderful	one,14
top	sights,1
welcome	gifts,11
beautiful	amsterdam,30
great	lighting,5
positive	comment,230
invaluable	recommendations,3
good	point,1
top	room,194
warm	appetizers,14
superior	customer,26
modern	bath,1
friendly	parking,158
hard	rolls,184
spacious	master,119
great	specials,12
good	hills,4
comfortable	conference,6
magnificent	eternal,3
sloppy	management,61
nice	boutique,17
famous	bellini,3
fantastic	weekend,21
upscale	part,2
nice	bureau,11
helpful	concierge,131
best	times,14
peaceful	base,15
nice	artwork,21
fresh	things,3
clear	winter,25
right	outside,7
interesting	conversations,1
better	plan,3
cold	tap,11
complimentary	towels,10
luxurious	offering,15
perfect	neighborhood,230
nice	lobby,61
helpful	staff,3658
crappy	hotels,5
enough	room,794
smallish	size,13
chic	decor,14
expensive	side,200
wonderful	park,3
cheaper	prices,3
free	hot,11
dark	time,2
relaxed	time,14
good	feature,10
pleasant	bellman,6
generous	desk,5
great	items,59
nicest	neighborhoods,3
nice	products,15
obsessive	staff,2
romantic	getaway,249
grand	bazzar,1
excellent	quality,18
nice	option,264
pleased	withteh,6
great	nights,27
nice	shopping,11
decent	bread,3
cold	fruit,14
exceptional	room,119
positive	side,20
magnificent	squares,230
easy	driving,6
affordable	shopping,3
noisy	airconditioning,3
complimentary	computer,342
easier	use,11
friendly	english,1
enough	equipment,6
perfect	set-up,3
pretty	art,11
friendly	restaurants,1
wonderful	buffet,13
great	oyster,116
sufficient	breakfasts,11
arduous	flight,15
nice	flate,5
good	setting,5
enjoyable	location,109
good	marks,12
negative	issue,27
ready	breakfast,1
cold	stuff,25
exceptional	wine,16
good	tips,64
good	side,28
positive	part,230
overweight	bag,230
softer	mattresses,5
fun	location,17
pretty	picky,1
genuine	smile,12
good	suggestions,444
convenient	location,1090
spurious	charge,6
valuable	tips,230
drunken	youth,4
good	spot,31
polite	staff,1
horrible	collection,10
ridiculous	parking,163
limited	turkish,1
fabulous	gym,6
wonderful	welcome,191
memorable	restaurants,230
painful	insect,3
comfort	room,6
free	meal,3
safe	right,6
lovely	oasis,50
super	sales,6
best	pizza,6
great	woman,230
best	description,29
best	visit,3
excellent	rates,1
terrific	wine,113
complimentary	tea,34
bad	reputation,184
better	mood,5
excellent	choices,7
superior	triple,2
gorgeous	deck,131
positive	time,480
picturesque	canal,26
interesting	time,230
magnificent	bargain,3
free	bar/snacks/internet,11
nice	bonus,34
inexpensive	places,233
good	array,6
easy	tram,12
great	everyone,191
terrible	reviews,23
popular	tourist,694
comfortable	triple,1
free	booze,58
reasonable	cost,232
fabulous	deck,27
good	ones,218
modern	business,11
unusual	feature,25
best	bakery,14
lovely	building,5
loud	noises,1
right	expectations,214
nice	photo-op,17
trouble-free	internet,5
great	neighborhood,233
safe	box,1
best	market,38
comfortable	chairs,150
comfortable	nights,1
welcome	addition,263
good	fish,1
chic	mercedes,3
nice	specialty,93
good	company,109
sophisticated	scam,2
cheap	turkey,15
wrong	directions,25
nice	canal,13
cool	side,5
enjoyable	evening,18
excellent	value,1239
nice	extra,30
comfortable	room,1616
vibrant	neighborhood,3
filthy	sheets,6
dirt	marks,15
safe	knowing,3
nice	inclusions,12
top	terrace,100
complex	-both,11
great	getaway,3
fashionable	neighborhood,3
difficult	time,102
cold	cut,212
reasonable	size,251
sweet	potato,22
nice	spot,231
great	foods,21
positive	comments,32
pretentious	hotels,3
great	reviews,573
good	security,6
beautiful	neighborhood,3
free	wi,13
lovely	furniture,12
right	type,11
wonderful	lunch,11
clean	facilities,6
free	shuttleservice,5
bad	wine,11
top	breakfast,4
spacious	fridge,30
free	advertising,25
cramped	room,216
best	routes,14
quiet	secure,6
incredible	courtesy,21
enhanced	breakfast,3
noisy	travel,5
important	aspects,230
good	internet,40
dead	cert,11
excellent	travel,3
great	decision,20
top	notch,927
nice	bottle,70
great	interactions,6
reasonable	storage,230
superb	front,230
excellent	job,153
wonderful	travel,44
brilliant	soundproofing,2
hot	spots,18
beautiful	gentlemans,12
free	nights,6
bright	blue,1
expensive	accommodation,3
excellent	dining,3
free	lounge,11
cold	dishes,242
impeccable	staff,42
nice	shops,3
beautiful	canal,12
fresh	oysters,19
nice	couch,42
worst	snowfall,1
amazing	collections,12
clean	tile,230
memorable	holiday,1
great	room,7226
rust	spots,5
astray	sat,11
friendly	conversation,230
nice	chocolate,26
nice	places,267
great	help,269
good	extras,13
scenic	drive,1
lovely	canal,15
inescapable	'touristy,3
free	oneway,1
good	use,25
affordable	value,316
good	food,1811
lovely	views,1
modern	conveniences,3
great	security,11
perfect	right,1
great	sense,4
strong	desire,12
great	transportation,230
good	speed,16
appropriate	time,13
modern	everything,11
great	bed,17
wonderful	christmas,3
excellent	armoire,19
smile	irrespective,230
pleasant	surprise,12
affordable	restaurants,2
lovely	cups,12
hot	items,230
successful	meetings,6
garish	carpets,11
unexpected	family,57
complimentary	wines,12
nicest	streets,3
warm	staff,27
beautiful	home,14
nice	day,53
great	tip,76
wonderful	source,230
best	route,17
great	locations,11
wonderful	chocolate,21
honest	people,4
interesting	places,3
lavish	hotels,6
famous	sites,2
decent	spread,472
exellent	location,15
beautiful	virgin,6
best	experiences,26
good	reviews,158
accurate	advice,3
good	savings,3
comfortable	family,5
fantastic	pasteries,19
warm	sun,1
wonderful	lady,231
glad	i,1
best	piece,11
fantastic	hospitality,230
enjoyable	room,230
fabulous	inn,86
great	recommendation,6
lovely	morning,1
favorite	breakfast,11
hot	croissants,17
great	assortment,6
good	word,19
right	location,11
correct	decision,12
great	meeting,6
beautiful	hotels,24
nice	decor,10
bad	breakfast,25
fresh	bread,64
pretty	side,3
fresh	smell,114
nice	smile,3
best	seattle,57
beautiful	park,2
bright	smile,11
friendly	concierge,15
memorable	days,4
positive	write,3
balanced	review,3
free	items,12
helpful	time,2
pleasant	outlook,11
memorable	time,556
boisterous	vendors,27
idyllic	terrace,1
outstanding	fitness,12
free	minutes,11
silly	expense,15
stunning	travel,32
dirty	room,212
memorable	aspect,25
overrated	breakfast,6
good	take,230
macabre	location,11
well-known	via,2
wrong	name,11
decent	eat,280
loud	and/or,6
expensive	ones,1
good	cafes,1
convenient	staff,460
accurate	reflection,3
clean	ambient,1
awkward	eat,2
exceptional	employees,11
beautiful	canals,38
decent	grocery,4
illegal	street,3
fantastic	food,239
top-notch	staff,29
wonderful	pike,50
nice	ligting,6
free	minibar,178
pleasant	walking,1
good	wholesome,2
frugal	traveler,3
interesting	travel,11
nicest	families,3
exceptional	job,5
spacious	work,5
free	drinks,599
complementary	safe,2
ample	services,6
fancy	eat,11
warm	yogurt,6
warm	cosy,42
great	people,95
right	guy,1
great	shape,6
healthy	options,6
great	water,151
good	moments,3
strong	smell,12
best	transfer,3
great	size,216
scenic	views,136
nice	guesture,11
best	rates,32
good	air,3
complementary	beverage,12
enjoyable	one,2
excellent	value-93euros,171
proper	taxi,2
unusual	discoveries,1
good	please,6
nice	buffet,230
great	lady,6
gorgeous	water,18
fresh	food,335
significant	signs,16
fair	amount,1
wrong	foot,2
great	wine,3
dissapointed	room,11
picky	eater,6
noise	level,460
good	firm,230
free	entry,6
convenience	charge,7
nice	woman,241
disappointing	result,2
great	ambiance,143
free	cognac,14
favorite	location,28
best	locations,230
healthy	travel,23
slow	elevator,13
amazing	variety,3
beautiful	rome,230
right	address,103
gorgeous	fresco,230
upscale	mall,6
convoluted	explanation,134
comfortable	respite,4
flexible	homeless,16
quiet	music,6
stellar	staff,13
unlimited	access,12
flashy	entrance,3
good	work,12
great	trip,456
fun	bar,11
fantastic	apricot,1
purposeful	environment,6
state-of-the-art	luxury,1
perfect	size,23
thankful	hug,6
lovely	art,11
clean	metro,230
safe	[,3
limited	none,165
weird	room,97
peaceful	location,13
memorable	vacation,18
steady	stock,1
steep	hills,71
attractive	name,12
good	value,4037
delicious	cappucinos,230
great	feature,45
great	offer,40
calm	court,1
funky	dance,11
tacky	neon,6
inexpensive	option,13
great	escape,4
pleasant	staying,1
good	distance,10
amazing	travel,31
elegant	bathrooms,26
easy	meal,230
free	pass,151
good	equipment,6
wonderful	english,234
great	addition,11
lovely	jordaan,12
free	transfer,6
nice	cheeses,12
free	soft,12
beautiful	touch,1
excellent	map,13
quiet	part,15
decent	quality,228
nice	vino,230
fantastic	location,1098
good	things,405
lovely	breakfast,17
crowded	vicinity,87
good	base,230
wrong	location,187
nice	wheelchair,7
warm	items,11
great	media,141
great	wake,230
best	hotel/inn,17
great	break,61
great	vanity,6
popular	areas,11
nice	patio,17
awesome	waterfront,125
important	part,8
interesting	location,65
nice	people,32
lovely	roof,1
great	travel,725
enough	space,471
pure	heaven,12
unpleasant	time,87
decent	meal,237
great	breakfast,644
nice	exercise,1
free	self,61
good	cakes,3
best	venue,6
quiet	garden,2
wonderful	meal,17
clean	linens,3
pretty	furnishings,2
reasonable	bar,3
top	class,11
spendy	side,21
affordable	room,6
famous	pikes,21
nice	lounge,99
complementary	items,3
best	discovery,2
steep	slope,19
nice	seating/desk,6
dark	day,15
nice	effect,15
good	places,340
expensive	cost,6
good	accomodation,12
nice	character,1
perfect	staff,7
hot	summer,3
courteous	manner,3
important	monuments,1
hot	cup,7
good	colour,3
excellent	eat,76
convenient	time,12
free	cappucino/espresso,13
knowledgeable	personnel,6
best	till,230
available	tours,109
excellent	option,1
amazing	honeymoon,21
complimentary	help,12
cold	location,30
free	turkish,1
cool	breezes,21
good	reputation,12
lovely	dishes,3
excellent	condition,2
excellent	downtown,116
complimentary	inhouse,14
perfect	antidote,3
lovely	balcony,1
upscale	places,76
quiet	street,2345
good	breakfast,1191
free	coupon,11
fresh	salmon,13
great	plce,8
odd	smell,6
unsupportive	pillows,76
worked	fine,11
clever	furniture,13
sour	cherry,1
cheap	liquor,12
stellar	accomodations,18
warm	afternoon,61
good	diversion,7
recommend	places,1
sophisticated	people,4
great	choices,21
free	admissions,3
great	i,18
grand	bazaar,2
great	fit,130
unbelievable	location,74
friendly	man,15
great	saver,1
nice	workout,11
safe	dance,230
trendy	decor,3
lively	streets,2
poor	speed,11
spacious	deck,27
fussy	points,15
great	3mins,12
nice	vistas,18
exceptional	courtesy,6
helpful	recommendations,4
great	views,331
quiet	calm,2
friendly	lady,186
excellent	shower,2
good	dinners,3
attentive	waitstaff,11
modern	sound,230
lovely	toiltetries,18
confusing	buses,5
positive	attitude,17
grand	lobby,16
lovely	istanbul,1
unfriendly	staff,1
nice	person,45
decent	one,71
veritable	feast,3
friendly	manager,4
strange	location,3
excellent	services,11
wonderful	visit,3
memorable	one,10
congenial	people,11
poignant	stuff,11
nice	play,11
excellent	toiletries,26
good	cable,5
bogus	scratch,12
hot	beverage,3
unparalleled	views,50
cold	meats,328
bad	comments,3
favorite	activities,6
great	terrace,1
twisted	staircases,1
exciting	via,4
gorgeous	pancakes,11
nice	departure,11
disabled	guests,18
nice	welcome,14
fine	reputation,118
helpful	hint,32
pleasant	wake-up,230
free	van,1
good	bath,8
wonderful	items,6
important	sights,230
magnificent	sea,1
excellent	advise,2
positive	things,5
fantastic	views,224
good	map,233
best	croissants,13
good	beds,3
meaningful	upgrades,6
inevitable	weight,11
excellent	taste,6
excellent	bell,37
pleasant	time,910
cleanest	hotels,3
gracious	staff,697
classic	location,12
smallish	room,233
terrible	mistake,11
excellent	adition,14
excellent	temperature,3
pleasant	day,11
hot	spot,6
perfect	retreat,2
beautiful	travel,305
super	annoying,6
fresh	garden,1
wonderful	cappuccino,230
incredible	gym/fitness,6
wonderful	reviews,6
excellent	cricket,6
fantastic	sense,1
worthwhile	room,3
unsatisfactory	room,11
hard	workers,1
good	pressure,12
compact	plenty,7
angry	telephone,230
reasonable	value,922
fine	standards,3
good	selection,1048
good	conference,5
great	equipment,6
ready	printer,230
fresh	omelettes,11
cheapest	value,208
great	chef,6
consistent	staff,6
fabulous	pike,90
nice	gym,17
unclean	rug,15
free	computer/internet,230
quiet	respite,4
great	management,18
good	afternoon,7
warm	welcoming,12
great	fun,36
complimentary	cheese,27
broken	necklace,1
free	room,94
finest	food,134
excellent	time,324
reputable	taxis,5
wonderful	eat,173
good	family,1
knowledgeable	andprofessional,230
valuable	advice,3
bad	reviews,41
complimentary	apples,11
rich	colour,13
best	decisions,1
good	choices,11
fresh	washclothes,10
free	afternoon,12
tidy	reception,3
great	clam,38
friendly	maid,186
upscale	location,13
genuine	caring,13
nice	omelet,8
strong	recommendation,11
good	deals,6
cheaper	hotels,17
free	sandwiches,1
nice	neighborhood,252
great	bargain,9
safe	location,6503
nice	respite,3
scrambled	eggs,2
brilliant	room,345
classy	room,232
free	water,18
disappointing	inside,11
seasoned	traveller,12
squeaky	whenever,230
ideal	position,5
important	criteria,1
cute	touch,18
fantastic	market,141
grumpy	person,37
overpriced	misery,11
tempting	everyday,13
free	weekend,26
mad	traffic,1
wonderful	comfy,118
restored	ottoman,1
veritable	mecca,6
dead	watch,11
economical	room,233
great	florida,11
impressive	breakfast,5
stale	pastries,3
complementary	bottle,289
cold	air,5
easy	reach,294
unhelpful	staff,11
cheapest	fares,4
beautiful	spirit,6
nice	addition,17
seasoned	travellers,230
easier	crowd,230
fun	room,25
great	customer,154
decent	swim,6
good	meal,5
great	smiles,251
sweet	family,3
amazing	sunset,25
nice	business,91
stodgy	time,230
beware	sultanahmet,1
enough	people,8
reasonably	value,211
incredibly	clean,230
loud	passerbys,15
convienient	location,6
great	base,368
amazing	staff,250
beautiful	garden,1
wrong	staying,61
authentic	places,4
cheap	cava,11
famous	market,63
cozy	home,11
good	assortment,242
crazy	ordeal,12
perfect	reminder,6
awful	pain,22
disappointing	time,17
wonderful	news,17
weird	combo,12
welcome	environment,6
unbelievable	room,54
great	workout,6
negative	views,15
fresh	omelets,21
warm	milk,5
best	friends,11
great	pleasure,24
hot	part,2
expensive	buidings,3
beautiful	fairytale,25
great	art,230
great	stop,5
impolite	postures,3
fine	hotels,93
free	cocktails,23
musty	smelling,6
comfortable	base,14
complimentary	bathrobe,2
great	spot,413
free	caraffes,13
elegant	neighborhood,3
comfortable	furniture,118
cold	options,13
beautiful	sunset,222
super	comfy,46
bright	space,3
scramble	cell,230
inexpensive	facilities,6
nice	fire,141
cleaner	product,32
quiet	life,2
great	side-streets,230
good	reception,171
abundant	breakfast,15
terrible	pattern,13
delicious	pizza,230
nice	hotels,22
beautiful	plaza,230
beautiful	room,773
great	incentive,10
lovely	countryside,12
best	feature,54
nasty	coverlets,6
successful	training,6
warm	hospitality,231
worried	son,12
dishonest	licensed,3
modern	time,28
urgent	return,230
lovely	boutique,42
uneven	noise,3
mediocre	room,99
spectacular	sunset,19
perfect	room,1249
quiet	fan,109
luxurious	accommodation,111
clean	accommodation,6
free	business,140
spacious	roof,31
important	seattle,28
spacious	room,1118
delightful	family,3
brilliant	views,46
reluctant	flight,6
awesome	value,231
best	bits,12
mad	dash,6
cheap	destination,115
welcome	relief,33
fantastic	eggs,26
beautiful	wallpaper,3
pleasant	rain,11
lighter	wallets,11
best	hotels,291
cold	front,6
comfortable	beds/linens,11
hot	drinks,37
wonderful	soaps,31
popular	destinations,6
excellent	one,14
clean	warm,5
exceptional	staff,141
comfortable	firm,1
beautiful	properties,11
interesting	find,13
quieter	areas,230
serene	garden,1
quiet	ac,6
hectic	week,1
endorsed	room,230
loud	breakfast,230
famous	pike,271
refreshing	relief,6
slap	bang,11
good	crossing,3
free	razor,26
best	malls,5
nice	break,189
crazy	roads,18
portable	tv,1
thoughtful	owners,2
amusing	time,4
overwhelming	travel,3
enthusiastic	staff,32
interesting	people,6
heavenly	chocolate,21
complementary	drinks,30
cheap	motel,147
delicious	food,56
cold	whilst,1
wonderful	nights,38
hot	day,16
nice	fitness,12
exceptional	breakfast,7
great	others,13
horrible	room,230
upgraded	room,288
hot	teas,14
bright	orange,12
bad	location,26
fashionable	crowd,3
comfortable	temperature,6
nice	touch,1002
beautiful	sights,150
nice	wine,50
exceptional	level,11
nice	room,4022
best	shops,18
warm	hello,27
healthy	grocery/deli,11
hard	working,2
quiet	side,1326
modern	american,16
friendly	set,3
good	comforter,2
good	directions,237
easy	shopping,11
friendly	smiles,6
fabulous	water,26
safe	areas,233
complimentary	new,93
good	specials,6
lovely	room,1723
unexpected	highlight,117
loud	clanking,186
correct	order,100
disappointing	location,17
modern	furniture,12
memorable	occasion,19
helpful	above,86
top	deck,303
quiet	gem,3
dirty	glass,6
good	shower,154
good	sense,1
good	tradition,11
great	dining,132
safe	luggage,11
easy	connections,3
top	terraces,1
amazing	eat,3
positive	assessments,13
plentiful	supply,3
popular	time,15
great	nibbles,15
favorite	room,375
reliable	rides,6
helpful	people,28
nice	items,328
great	memory,5
great	food,133
fresh	macaroni,116
great	review,5
great	directions,6
perfect	location,2170
good	number,1
amazing	ocean,119
enjoyable	weeend,1
wonderful	restaurants,196
good	friends,3
awesome	breakfast,87
great	taste,6
weird	eat,3
free	serve,11
ample	space,243
wonderful	treatment,42
great	time,4924
good	sound,121
cold	drink,11
excellent	selection,5
quaint	room,33
great	lover,11
top	location,32
friendly	staffs,2
sweeping	location,41
glorious	find,6
invaluable	information,3
delicious	restaurants,13
nice	dinning,3
entertaining	story,4
delightful	time,23
excellent	spot,13
friendly	room,490
spectacular	location,388
fantastic	rain,12
clean	bedrooms,11
bonus	tour,3
poorer	-enough,6
wonderful	ones,21
warm	manner,3
wild	plum,2
pretty	courtyard,93
fantastic	option,12
perfect	home,30
inferior	beds,36
broken	images,3
significant	amount,11
luxurious	hotels,230
complimentary	gift,74
tired	feet,11
wrong	mode,56
free	internet,5986
great	picnic,26
available	time,1
fantastic	shower,2
wonderful	car,6
convenient	lynx,11
great	holiday,17
noisy	streets,3
nice	change,17
nice	breakfast,1883
scenic	location,87
nicer	finishes,26
solid	room,12
favorite	part,116
nice	linens,25
important	neighborhoods,3
decent	shower,3
excellent	week,6
great	relief,1
excellent	size,218
good	movie,141
cold	items,24
easy	acces,6
great	walks,15
wonderful	info,1
nice	robes,42
fabulous	outdoor,163
good	pair,6
limited	room,236
worth	while,1
great	success,6
great	restuarants,11
nice	size,1030
fine	dining,6
excellent	variety,17
helpful	reception,9
free	time,94
enough	praises,13
upscale	dining,5
good	eat,1152
free	airport,2
hot	food,56
right	blend,11
bust	street,14
free	shopping,11
weak	dollar,3
impressive	size,1
wrong	button,28
striking	feature,15
safe	environment,210
cold	breakfast,6
pretty	dang,1
better	one,6
beautiful	via,3
nice	flavor,1
top	eat,3
top	shelf,13
cheaper	imitations,12
great	business,17
fantastic	concept,11
expensive	prices,11
better	items,240
nice	toiletries,5
fast	food,35
modern	deco/charles,11
great	prices,18
excellent	campagne,16
sincere	thanks,19
good	reports,2
upscale	shopping,133
relaxed	room,33
remarkable	manager,21
luxurious	bed,25
nice	lcd,18
positive	tripadvisor,460
commendable	customer,6
fresh	buns,214
free	movies,48
friendly	personnel,16
good	lighting,6
best	museums/galleries,13
nicely	run,4
fine	room,975
delicious	buffet,7
positive	impression,5
free	entries,223
crowded	arteries,8
nice	mix,230
good	sharer,18
lovely	shops,97
modest	value,11
reasonable	offering,13
fine	inn,18
excellent	drivers,4
easy	access,1412
adequate	breakfasts,215
nice	response,11
helpful	family,6
good	buffet,2
clean	suite,1
enjoyable	weekend,19
quieter	part,17
excellent	welcome,1
cold	water,20
amazing	sights,3
sincere	smile,230
nice	cup,13
bountiful	breakfast,232
pleasant	lounge,11
nice	building,1
easy	wander,6
warm	smiles,6
precious	pieces,19
trendy	restaurants,17
fantastic	rainwater,11
great	experiences,6
modern	fixtures,12
convenient	travel,1
superb	meeting,11
great	values,6
famous	bleu,1
lovely	meal,25
clean	marble,11
popular	location,9
pretty	location,18
oddest	things,12
fresh	croissaints,21
nice	atmosphere,54
best	mall,23
free	beer,15
pleasant	reception,13
seamless	connection,6
nice	environment,12
fabulous	views,62
comfortable	day,11
nice	ladies,1
excellent	staff,1439
trusted	guides,3
poor	welcome,6
great	introduction,2
wonderful	variety,1
beautiful	florida,17
best	ways,62
noisy	neighbors/kids,6
spectacular	views,62
complimentary	bottle,93
nice	owners,3
famous	bustling,30
pretty	swank,26
lengthy	research,2
odd	time,25
superb	food,11
helpful	stuff,4
nice	things,184
good	laugh,1
top	brand,12
nice	hamaam,1
afraid	everything,1
nice	egg,230
excellent	water,1
fresh	pastries,466
free	mini-bar,156
free	use,35
expensive	restaurants,5
great	year,6
adorable	chocolate,18
nicer	areas,12
low-cost	staff,17
tired	property,125
classic	rick,460
strange	breakfast,212
best	markets,19
dark	room,11
better	onces,11
tiring	day,218
magic	words,61
best	views,113
enough	incline,3
fabulous	location,187
quieter	walks,3
optimal	location,1
better	quality,454
strong	lighting,11
wonderful	bfast,7
nice	bathrooms,63
complimentary	mini,400
nice	seating,151
comfortable	a/c,11
great	evening,7
fabulous	time,286
beautiful	benches,25
poor	bed,11
fresh	crumpets,116
gorgeous	fall,119
cool	touch,26
excellent	shopping,27
adequate	amount,4
happy	time,230
uncomfortable	sleeping,5
hectic	part,3
good	prices,1
great	set-up,123
efficient	staff,331
lovely	croissants,5
excellent	resturants,6
great	breakfasts,15
adequate	buffet,230
trendy	pizza/pasta,2
fine	breakfast,3
safe	downstairs,12
good	knowledge,1
cheap	pizzas,3
gorgeous	tile,2
scary	mistake,6
modern	bathrooms,2
amazing	part,76
precious	parking,18
cool	garden,1
impressive	architecture,3
fantastic	reputation,1
free	bar,459
great	facilities,12
worse	part,12
nice	rooftop,190
great	testament,11
noisy	turkish,1
strange	sound,42
interesting	spots,15
complimentary	toiletries,3
good	hostmanship,1
expensive	nuts,11
beautiful	entrance,2
wonderful	holiday,3
sweet	entrance,37
willing	valets,131
great	resturant,3
mature	years,1
attractive	art,11
delicious	cake,21
dreadful	waitress,11
good	facilities,19
good	walking,86
excellent	booking,230
nice	property,8
easy	location,1985
complex	conference,11
good	options,242
hot	buffet,13
complimentary	cookie,6
attractive	grachtengordel,11
awful	mattress,12
extraordinary	staff,12
favorite	one,12
free	tables,11
monstrous	room,17
clean	elegant,1
easy	walking,73
nice	treat,8
pleased	guests,3
cute	breakfast,149
fashionable	location,3
expensive	travel,464
expensive	areas,3
wonderful	advice,3
good	patio,1
upscale	hotels,10
great	staff,2172
nice	hidden,1
nice	plate,1
hard	side,244
meticulous	cleanliness,234
reasonable	driving,6
better	rating,445
great	sunsets,18
good	sized,7
extraneous	noise,52
shady	courtyard,1
friendly	family,14
easy	check-in,6
expensive	cocktail,3
wonderful	value,701
excellent	bed,15
fabulous	restarurants,45
cool	streetside,230
right	direction,41
free	drink,61
perfect	location-,1
good	travel,3
outstanding	accommodations,6
nice	paintings,230
irksome	task,11
expensive	town,15
great	family,12
free	appetizers,11
lovely	mother,3
pleasant	staff,405
fantastic	bed,59
inexpensive	lunch,230
quiet	boutique,21
panoramic	terrace,1
good	playpen,1
upscale	stores,7
favorite	bakery,72
complimentary	cheeseboard,14
wonderful	surroundings,11
good	mix,7
ample	seating,38
wonderful	florida,6
warm	greetings,72
comfortable	valentine,151
limited	views,6
fluent	english,14
fair	game,4
good	guiding,1
free	selection,12
hot	rolls,12
decadent	entrance,11
great	bath,3
safe	room,5843
enjoyable	seattle,52
dark	street,232
perfect	shape,14
good	quality,125
sketchy	characters,23
worst	hotels,6
great	beds,31
puzzling	imperfections,134
nice	snacks,1
complimentary	food,47
nice	mercedes,11
wrong	dates,11
top	hotels,108
wonderful	vacation,241
brilliant	shops,21
wonderful	grocery,3
frustrating	time,11
comfortable	sofas,15
undue	traffic,1
fresh	squeeze,23
free	map,226
quiet	back,5
friendly	ambiance,102
free	espresso,15
nice	apartment,1
delicious	room,243
great	boutique,35
quiet	haven,3
right	out,3
negative	reviews,9
authentic	people,3
poor	end,230
knowledgeable	gentleman,230
restrictive	room,3
great	location,9123
nice	employee,12
fast	internet,11
expensive	establishments,15
odd	motorbike,230
vibrant	pike,26
super	fine,2
beautiful	'boutique,1
cheap	pasta,3
warm	bathrobes,136
nasty	bill,12
super	efficient,51
beautiful	location,805
great	map,6
excellant	customer,31
wonderful	suite,124
lovely	courtyard,1
fine	details,6
quiet	meal,11
super	close,191
nice	cakes,3
beautiful	mall,6
amazing	room,166
wrong	direction,13
great	part,243
great	outlet,5
unbeatable	location,30
lovely	travel,50
super	buffet,1
decent	light,21
incredible	fresco,230
great	pint,212
best	beaches,6
nice	fixtures/furniture,2
flawless	time,5
popular	sites,1
great	park,4
right	downstairs,5
delicious	cheese,15
strong	perfume,17
delicious	cappuccino,230
awesome	location,411
nice	assortment,3
marvelous	picasso,38
excellent	accommodations,51
wrong	room,12
modest	room,137
great	rapport,11
lovely	journey,3
reliable	room,230
helpful	men,230
thoughtful	email,3
comfortable	mattresses,230
genuine	manner,17
strange	travel,8
sumptuous	dessert,26
super	mall,6
desirable	neighborhood,3
fine	boutique,17
best	atractions,1
comfy	sofa,5
excellent	touch,48
cool	deck,35
top	quality,77
nicer	dress,6
firmer	variant,18
clear	attention,3
wonderful	seattle,18
superior	location,3
grand	mosques,1
elite	status,12
pleasant	stays,11
great	minibar,2
poor	italian,3
superior	twin,5
wonderful	boutique,44
best	exhibits,3
friendly	chat,1
useful	tips,2
expensive	hotels,469
worth	spending,33
noisy	location,195
great	sites,125
classy	herengracht,12
incredible	restaurants,5
ideal	location,303
helpful	front,116
fine	views,1
fabulous	villa,2
clean	feeling,11
relaxed	elegance,21
enough	money,26
great	shop,230
great	shower,40
efficient	room,230
sucky	job,27
wonderful	pancakes,12
free	facilities,11
delicious	cupcakes,234
complimentary	buffet,19
lovely	restaurants,62
fabulous	lunch,26
lovely	internet,230
terrible	places,12
fresh	breads,5
beautiful	fabric,21
best	bit,38
nice	appointments,18
outstanding	kitchen,6
handicapped	room,157
excellent	places,19
free	decanters,22
cozy	fireplace,12
disabled	youth,6
comfortable	beds,711
useful	tourist,4
excellent	trip,2
excellent	excursions,230
nice	weekend,10
great	places,969
comfortable	matress,21
free	computers,35
important	areas,1
unlimited	refreshments,15
great	sights,1
wonderful	feature,17
nice	week,6
nice	glass,21
lovely	frescoed,230
amazing	employee,6
reliable	wi-fi,6
great	attention,2
beautiful	villa,4
satisfactory	time,20
helpful	advice,348
positive	experiences,39
great	weekend,6
nice	restaunts,14
exceptional	servcie,11
fantastic	concierge,1
romantic	time,145
quiet	via,216
top	viewing,85
friendly	manner,43
dark	side,5
poky	side,12
great	eat,467
marvelous	break,55
best	deals,233
skimpy	side,12
exemplary	staff,13
weak	excuse,1
cheaper	time,11
unsafe	walking,230
friendly	front,5
personalized	staff,14
hot	spa,10
odd	ups,10
fantastic	shops,9
best	i,6
good	advise,115
wonderful	sights,40
top	cover,11
great	condition,11
quiet	courtyard,231
top	form,8
redeeming	quality,15
complimentary	chocolates,12
remarkable	location,1
happy	staying,17
great	towels,12
great	package,6
thank	god,5
sensitive	sleeper,42
clean	premises,1
pretty	girls,3
grand	entrance,187
drunk	whilst,12
complimentary	services,14
great	rooftop,184
favorite	accomodation,15
ideal	room,244
decent	prices,215
free	wifii,12
reasonable	prices,392
best	consierge,98
wonderful	time,2372
comfortable	break,11
right	positions,6
good	cheap,212
dirty	time,6
fresh	flowers,515
nice	concept,37
dirty	saucer,134
nice	part,261
good	spread,3
nice	stroll,132
loud	buzzing,6
clean	linen,2
comfortable	accomodations,230
facilitate	drinks/food,6
loved	ones,230
sleek	style,32
complimentary	cokes,11
wonderful	week,223
useful	print-out,6
great	swimming,6
quiet	room,1963
soft	sounds,27
wonderful	fitness,6
drunken	noise,17
sweet	touch,26
delicious	breakfasts,22
outstanding	support,11
good	service-,3
great	tips,262
disinterested	part-timers,3
great	pillows,14
excellent	meal,2
prompt	staff,6
well-known	pub,17
poor	selection,12
better	spot,188
cold	north,1
nice	luxury,6
good	sandwiches,12
effective	location,5
fantastic	trip,440
quiet	time,251
lovely	staff,184
clean	towels,43
golden	room,2
better	property,11
disabled	driver,18
romantic	travel,6
ideal	locale,33
awkward	places,86
dreadful	location,2
excellent	hot/cold,11
firmer	pillow,128
happy	anniversary,124
complementary	water,5
crazy	amount,12
magnificent	location,30
great	one,17
negative	time,319
hot	afternoon,1
affordable	accomodations,234
clean	bright,13
great	photo,4
welcome	stop,6
excellent	englsh,4
free	alcohol,24
accurate	representation,118
great	buffet,6
good	vibe,17
great	week,1
positive	reviews,585
excellent	linguists,12
immaculate	condition,5
nice	clean,4
excellent	location,1274
better	class,5
friendly	towards,2
helpful	tips,27
nice	employees,4
incredible	staff,9
abundant	restaurants,5
pricey	room,26
amazing	ribs,5
available	upgrades,6
reasonable	tarriffs,179
good	atmosphere,17
free	sparkling,16
good	book,25
great	placfe,6
free	ticket,3
relaxed	setting,11
wild	goosechase,5
top	priority,1
amazing	salad,5
serene	canal,11
bad	experiences,5
cute	room,25
complimentary	beverages,76
nice	mall,59
excellant	mall,6
friendly	reservations,6
best	maps,3
good	wine,17
excellent	standard,11
popular	spirits,15
hot	lemon,1
free	drinks/food,11
excellent	tips,70
worst	part,12
incredible	tray,12
unbelievable	value,6
accessible	location,419
nice	variety,186
bad	time,795
beautiful	work,8
splendid	hotel-others,11
top	patio,47
expansive	florida,6
hot	breakfast,97
famous	herengracht,12
lucky	weatherwise,18
terrific	recommendations,10
great	quality,6
good	condition,30
bad	taste,11
good	hop,3
good	bread,1
nice	enjoyed,125
lovely	gesture,137
lovely	sculpture,72
nice	sea,1
hard	mattress,13
uncooperative	location,15
quiet	corner,3
interesting	farmer,28
great	relaxation,13
timely	manner,23
superior	staff,85
effective	solutions,1
wonderful	water,3
helpful	smile,6
enough	choices,2
reasonable	mini-bar,4
reasonable	places,4
warm	reception,33
comfortable	bed/bedding,6
fantastic	customer,13
delicious	cappucino,230
grand	plaza,1
sour	lemon,11
cold	bottles,11
superb	mornign,1
fashionable	al,3
super	location,6
good	views,12
good	product,11
loud	music,5
poor	time,1
unlimited	ride,13
sweet	treats,1
free	staff,13
free	parking,183
fresh	pot,18
supreme	customer,57
quiet	nights,12
top	cheff,6
safe	street,241
good	amount,137
good	upgrade,10
complimentary	glass,12
free	nibbles,11
great	standard,14
authentic	time,1
steep	staircases,11
cool	oasis,3
good	mattresses,26
good	walker,230
beautiful	english,230
cheaper	value,6
negative	things,89
popular	street,184
gorgeous	bath,11
good	laundry,1
efficient	check-in,11
excellent	access,216
right	turn,3
hot	spell,22
comfortable	feeling,3
nice	lady,12
wonderful	experiences,2
lovely	borghesse,2
poor	location,10
unsafe	neighborhood,230
great	home,29
convenient	spot,6
good	stores,5
enough	time,230
hard	liquor,13
delicious	breakfast,46
loud	air,209
sophisticated	meal,3
favorable	reviews,28
nicest	convention,6
favorite	streets,230
interesting	menu,230
hot	tea,13
warm	location,6
enough	towels,6
expensive	accommodations,3
weird	arrangement,17
good	expereince,1
great	selection,283
good	review,130
awesome	buffet,5
cold	drinks,69
good	coffees,232
nice	tips,230
comfortable	size,6
expensive	cab,460
famous	seattle,45
unattractive	courtyard,230
understandable	directions,3
cold	beer,21
quiet	month,10
fresh	toast,4
competitive	value,6
happy	one,3
wonderful	attitude,6
relaxed	dutch,12
fabulous	trattoria,3
good	job,19
complimentary	washington,129
great	fireplace,12
better	information,6
quiet	affair,3
loud	noise,21
cheaper	train,171
good	cooling,10
fried	doughnuts,17
free	safe,238
thoughtful	inclusions,12
wonderful	meals,6
top	garden,49
bad	neighborhood,171
expensive	meal,230
hot	cider,132
hectic	pace,3
upscale	via,3
excellent	english,742
welcome	benefit,4
comfortable	though,1
palatial	reception,3
complimentary	slippers,11
smack	dab,27
good	banter,5
proper	breakfast,2
better	sleeper,230
perfect	one,18
enough	change,12
crafty	taxi,1
hot	chocolate,27
wonderful	people,5
comfortable	time,65
lukewarm	water,4
inexpensive	room,471
amazing	dessert,76
right	steer,3
top-notch	room,143
first-class	impression,2
fabulous	book,11
noisy	a/c,6
nice	sitting,230
soft	drinks-anytime,12
fabulous	apple,52
proper	travel,6
great	steak,6
helpful	hints,4
nice	corner,12
great	foodcourt,8
strong	hairdryer,30
nice	choices,6
pleasant	travel,6
lovely	part,3
strong	point,11
important	job,11
picky	daughter,11
loyal	best,18
enough	floor,3
fabulous	facilities,9
important	note,103
wonderful	icelandic,12
lovely	garden,1
negative	comment,12
noise	sensitvie,118
important	groups,6
excellent	facility,11
wonderful	villa,3
immaculately	kept,2
great	value,3892
good	cameras,6
upscale	room,6
excellent	carrefour,3
brilliant	weekend,11
terrible	staff,17
modern	room,687
good	fortune,65
complimentary	teas,1
great	shopping,370
nice	days,2
free	liquor,68
fussy	wife,1
free	wine/beer/cappuccino/etc,13
charming	boutique,42
fabulous	botique,12
hideous	reviews,5
questionable	neighborhood,22
great	lengths,22
limited	range,11
positive	postings,5
good	advice,326
lovely	roaring,15
wonderful	find,3
great	rain,11
important	landmarks,230
helpful	personnel,38
great	air,3
quiet	streets,219
perfect	english,495
free	appetizer,11
welcome	sign,230
smelled	clean,6
loud	a/c,19
superior	room,257
great	position,482
worse	staff,11
excellent	views,24
good	ways,6
lovely	fireplace,15
negative	comments,119
sweet	message,175
awsome	people,6
congenial	employees,216
sufficient	soundproofing,3
hot	period,3
top	mattress,5
hot	water,1013
useful	information,3
lovely	shower,11
excellent	person,11
amazing	produce,144
right	turns,8
awesome	bed,12
cozy	location,72
excellent	tour,3
plentiful	towels,5
beautiful	granite,6
good	items,63
beautiful	chandelier,11
intrusive	staff,11
amazing	quality,150
enjoyable	breakfast,3
quiet	neighbourhood,1
chaotic	neighborhood,1
cool	people,129
immaculately	clean,162
superb	nights,1
memorable	nut,14
broken	glasses,6
good	value-price,1
ample	breakfast,3
better	hotelier,3
popular	room,190
friendly	people,349
great	pizza,233
comfortable	beds/pillows,11
cheerful	welcome,230
complimentary	gin,11
best	perks,3
great	find,240
relaxed	quarters,11
good	pillows,13
great	conference,45
impersonal	staff,1
fabulous	sound,11
amazing	setting,150
helpful	neighbor,3
best	money,219
easy	transport,3
nicest	hotels,14
happy	birthday,32
tired	look,155
good	a/c,217
great	restaurants,1530
dusty	cover,134
perfect	time,71
hectic	outings,11
enough	variety,16
wonderful	staff,395
great	recommendations,59
best	conference,6
loud	room,230
exellent	staff,3
nice	location,1334
great	advice,20
great	bonus,149
wonderful	family,16
like	friends,5
nice	terrace,1
good	reasons,236
flattering	reviews,230
friendly	accommodation,1
peaceful	haven,1
modern	windows,3
comfortable	b,3
frozen	chicken,1
easy	hop,230
cold	days,2
comfortable	breakfast,230
warm	pastries,2
memorable	conference,6
expensive	kpn,12
comfortable	shoes,11
fresh	towelling,3
soft	topping,125
panoramic	location,184
excelent	room,11
good	bars,11
good	shower/bathroom,3
lacking	attitude,3
vibrant	travel,11
complementary	breakfast,19
great	hospitality,14
positive	rating,1
enjoyable	time,170
top	bartenders,6
good	grits,6
top	ten,21
intricate	coving,3
great	gym,61
best	accommodation,5
excellent	suggestions,13
relaxed	feeling,11
excellent	cheeses,14
free	rick,3
good	news,4
friendly	team,1
super	convenient,8
great	manner,3
comical	side,3
bright	side,6
complimentary	breakfasts,3
wonderful	property,29
good	publicity,6
nice	customer,22
great	mall,61
fantastic	beds,6
wonderful	omelet,11
amazing	terrace,1
happy	hour,399
warm	room,5
excellent	business,5
portable	vacuum,12
perfect	access,163
generous	staff,1
good	ideas,3
good	chinese,11
helpful	room,196
cheerful	staff,37
comfortable	temperture,31
effective	assistance,6
desirable	location,12
wonderful	relaxing,18
safe	neighbourhood,461
welcome	feeling,6
easy	transition,3
beautiful	town,1
perfect	balance,1
terrible	situation,6
agreeable	room,11
filthy	stairwells,13
clear	morning,10
safe	neighborhood,485
clean	items,3
super	helpful,28
quiet	neighborhood,12
brilliant	english,11
bad	knee,171
attractive	room,85
beautiful	views,163
sufficient	dinner,6
affordable	ways,3
wonderful	memory,1
beautiful	deck,73
unbelievable	time,5
clean	windows,3
unexpected	staff,6
strange	time,6
cold	afternoons,15
obnoxious	noise,1
reliable	transportation,14
overwhelming	sewer,230
helpful	information,17
lovely	toast,230
awkward	shape,3
great	bargains,235
free	bar/snacks,11
spacious	family,1
free	tv,6
good	explanation,3
helpful	maps,5
ideal	base,5
nice	table,6
convenient	taxi,2
friendly	employees,216
beautiful	decor,14
complimentary	town,17
adjustable	reading,1
friendly	driver,6
good	hands,12
perfect	blend,17
beautiful	bouquest,59
recommended	family,3
generous	spirit,141
right	room,401
stressful	exercise,230
good	morning,236
fresh	pears,27
free	upgrade,515
comfortable	seats,38
excellent	reviews,37
perfect	recommedations,6
beautiful	grounds,6
great	cappucino,230
knowledgeable	staff,23
proper	pad,12
valuable	aspect,12
lively	location,52
favorite	eat,2
plentiful	items,21
radiant	wall,4
soft	ones,11
free	printing,6
soft	sheets,12
fried	egg,12
good	turkish,2
best	stays,6
excellent	stores,11
stellar	location,1
wonderful	hostess,12
wonderful	terrace,1
free	interenet,13
free	one,15
clear	liquid,14
terrible	review,90
glorious	afternoon,31
super	value,11
hard	work,6
good	ac,11
exquisite	places,13
strong	smells,17
negative	feedback,1
modern	facilities,11
upscale	specialty,5
great	variety,23
pleasing	manner,2
friendly	homey,4
excellent	breakfast,534
modern	items,42
pretty	room,316
delicious	cakes,6
stunning	views,15
wonderful	mini-vacation,6
cheerful	dining,3
important	street,4
helpful	waiter,3
courteous	transportation,4
nice	beige,6
roomy	-great,230
quiet	canal,12
nice	hospitality,6
excellent	cooked,13
best	part,772
great	fruit,19
friendly	waiter,6
free	float,12
right	hand,242
best	meals,11
available	furniture,3
luxurious	quality,15
decent	value,19
wonderful	days,1
romantic	weekend,11
useful	space,119
fantastic	sea,1
peaceful	neighborhood,1
good	support,11
gorgeous	meeting,6
intimate	property,17
fresh	foods,2
good	shopping,93
positive	guest,11
excellent	internet,14
good	reason,58
friendly	guidance,3
beautiful	setting,6
hot	jacuzzi,6
clear	day,50
excellent	meals,6
comfortable	lobby,13
wonderful	breakfast,544
delightful	surprise,27
nice	privacy,17
excellent	customer,54
delicious	made-to-order,15
hard	days,54
good	health,3
glad	friends,230
cold	foods,15
scenic	route,6
unfortunate	time,230
nice	feature,17
fresh	rolls,2
cramped	mess,5
upscale	shops,6
poor	actors,12
great	love,25
fair	frontdesk,11
wonderful	shopping,17
excellent	communication,2
easy	distance,2
finest	staff,26
good	sign,194
fresh	air,986
great	shooping,11
