normalized_polarity_output_hotel_1997.json,3
normalized_polarity_output_hotel_906.json,1
normalized_polarity_output_hotel_5832.json,3
normalized_polarity_output_hotel_12511.json,1
normalized_polarity_output_hotel_12508.json,3
normalized_polarity_output_hotel_795.json,1
normalized_polarity_output_hotel_1349.json,1
normalized_polarity_output_hotel_980.json,1
normalized_polarity_output_hotel_1653.json,3
normalized_polarity_output_hotel_1924.json,3
normalized_polarity_output_hotel_937.json,2
normalized_polarity_output_hotel_7069.json,1
normalized_polarity_output_hotel_11172.json,2
normalized_polarity_output_hotel_12119.json,2
normalized_polarity_output_hotel_10963.json,2
normalized_polarity_output_hotel_434.json,1
normalized_polarity_output_hotel_1255.json,1
normalized_polarity_output_hotel_1799.json,3
normalized_polarity_output_hotel_1616.json,1
normalized_polarity_output_hotel_11130.json,1
normalized_polarity_output_hotel_3542.json,1
normalized_polarity_output_hotel_9169.json,2
normalized_polarity_output_hotel_4703.json,1
normalized_polarity_output_hotel_11189.json,1
normalized_polarity_output_hotel_6700.json,1
normalized_polarity_output_hotel_12168.json,1
normalized_polarity_output_hotel_12113.json,1
normalized_polarity_output_hotel_1794.json,3
normalized_polarity_output_hotel_11215.json,2
normalized_polarity_output_hotel_881.json,1
normalized_polarity_output_hotel_1268.json,1
normalized_polarity_output_hotel_5997.json,3
normalized_polarity_output_hotel_2732.json,3
normalized_polarity_output_hotel_4977.json,3
normalized_polarity_output_hotel_841.json,1
normalized_polarity_output_hotel_11528.json,2
normalized_polarity_output_hotel_12534.json,1
normalized_polarity_output_hotel_8829.json,1
normalized_polarity_output_hotel_11344.json,2
normalized_polarity_output_hotel_5974.json,3
normalized_polarity_output_hotel_130.json,1
normalized_polarity_output_hotel_12313.json,2
normalized_polarity_output_hotel_1857.json,3
normalized_polarity_output_hotel_9919.json,2
normalized_polarity_output_hotel_12557.json,1
normalized_polarity_output_hotel_12216.json,1
normalized_polarity_output_hotel_8851.json,3
normalized_polarity_output_hotel_12528.json,1
normalized_polarity_output_hotel_644.json,3
normalized_polarity_output_hotel_4625.json,3
normalized_polarity_output_hotel_2760.json,3
normalized_polarity_output_hotel_7718.json,2
normalized_polarity_output_hotel_210.json,1
normalized_polarity_output_hotel_12151.json,3
normalized_polarity_output_hotel_299.json,3
normalized_polarity_output_hotel_4508.json,2
normalized_polarity_output_hotel_2752.json,1
normalized_polarity_output_hotel_178.json,1
normalized_polarity_output_hotel_3445.json,3
normalized_polarity_output_hotel_12454.json,2
normalized_polarity_output_hotel_2758.json,1
normalized_polarity_output_hotel_5347.json,2
normalized_polarity_output_hotel_1594.json,1
normalized_polarity_output_hotel_10912.json,1
normalized_polarity_output_hotel_2173.json,3
normalized_polarity_output_hotel_602.json,1
normalized_polarity_output_hotel_11985.json,3
normalized_polarity_output_hotel_655.json,1
normalized_polarity_output_hotel_4704.json,3
normalized_polarity_output_hotel_3398.json,2
normalized_polarity_output_hotel_2481.json,3
normalized_polarity_output_hotel_12671.json,3
normalized_polarity_output_hotel_12685.json,3
normalized_polarity_output_hotel_11128.json,1
normalized_polarity_output_hotel_12355.json,3
normalized_polarity_output_hotel_11315.json,2
normalized_polarity_output_hotel_11973.json,3
normalized_polarity_output_hotel_11505.json,2
normalized_polarity_output_hotel_4455.json,1
normalized_polarity_output_hotel_990.json,3
normalized_polarity_output_hotel_8617.json,1
normalized_polarity_output_hotel_871.json,3
normalized_polarity_output_hotel_3102.json,1
normalized_polarity_output_hotel_9427.json,3
normalized_polarity_output_hotel_1605.json,1
normalized_polarity_output_hotel_9941.json,1
normalized_polarity_output_hotel_11175.json,1
normalized_polarity_output_hotel_10430.json,2
normalized_polarity_output_hotel_786.json,1
normalized_polarity_output_hotel_1264.json,1
normalized_polarity_output_hotel_7866.json,3
normalized_polarity_output_hotel_1510.json,3
normalized_polarity_output_hotel_12424.json,1
normalized_polarity_output_hotel_11016.json,2
normalized_polarity_output_hotel_1154.json,1
normalized_polarity_output_hotel_1246.json,3
normalized_polarity_output_hotel_11601.json,3
normalized_polarity_output_hotel_2905.json,2
normalized_polarity_output_hotel_5981.json,1
normalized_polarity_output_hotel_11321.json,3
normalized_polarity_output_hotel_11229.json,1
normalized_polarity_output_hotel_7921.json,1
normalized_polarity_output_hotel_10302.json,1
normalized_polarity_output_hotel_1578.json,3
normalized_polarity_output_hotel_1650.json,1
normalized_polarity_output_hotel_523.json,3
normalized_polarity_output_hotel_11153.json,1
normalized_polarity_output_hotel_9354.json,1
normalized_polarity_output_hotel_9945.json,1
normalized_polarity_output_hotel_1334.json,2
normalized_polarity_output_hotel_12668.json,1
normalized_polarity_output_hotel_10924.json,1
normalized_polarity_output_hotel_10019.json,2
normalized_polarity_output_hotel_10906.json,3
normalized_polarity_output_hotel_3041.json,3
normalized_polarity_output_hotel_785.json,3
normalized_polarity_output_hotel_2554.json,1
normalized_polarity_output_hotel_1471.json,3
normalized_polarity_output_hotel_10829.json,2
normalized_polarity_output_hotel_5945.json,1
normalized_polarity_output_hotel_4647.json,3
normalized_polarity_output_hotel_12519.json,2
normalized_polarity_output_hotel_1780.json,1
normalized_polarity_output_hotel_2588.json,3
normalized_polarity_output_hotel_12518.json,2
normalized_polarity_output_hotel_91.json,1
normalized_polarity_output_hotel_2112.json,3
normalized_polarity_output_hotel_6689.json,2
normalized_polarity_output_hotel_5940.json,3
normalized_polarity_output_hotel_11238.json,1
normalized_polarity_output_hotel_1156.json,3
normalized_polarity_output_hotel_1337.json,3
normalized_polarity_output_hotel_12621.json,1
normalized_polarity_output_hotel_793.json,3
normalized_polarity_output_hotel_12479.json,3
normalized_polarity_output_hotel_4995.json,1
normalized_polarity_output_hotel_1354.json,1
normalized_polarity_output_hotel_197.json,1
normalized_polarity_output_hotel_6481.json,2
normalized_polarity_output_hotel_10952.json,2
normalized_polarity_output_hotel_12298.json,1
normalized_polarity_output_hotel_7509.json,3
normalized_polarity_output_hotel_8075.json,1
normalized_polarity_output_hotel_9391.json,1
normalized_polarity_output_hotel_11715.json,3
normalized_polarity_output_hotel_10759.json,2
normalized_polarity_output_hotel_11843.json,3
normalized_polarity_output_hotel_11246.json,2
normalized_polarity_output_hotel_2787.json,2
normalized_polarity_output_hotel_4665.json,3
normalized_polarity_output_hotel_3423.json,1
normalized_polarity_output_hotel_2896.json,2
normalized_polarity_output_hotel_1106.json,1
normalized_polarity_output_hotel_4973.json,2
normalized_polarity_output_hotel_12716.json,3
normalized_polarity_output_hotel_10892.json,1
normalized_polarity_output_hotel_1446.json,3
normalized_polarity_output_hotel_11960.json,1
normalized_polarity_output_hotel_12107.json,1
normalized_polarity_output_hotel_11181.json,2
normalized_polarity_output_hotel_342.json,3
normalized_polarity_output_hotel_11147.json,2
normalized_polarity_output_hotel_8477.json,2
normalized_polarity_output_hotel_11975.json,3
normalized_polarity_output_hotel_1622.json,2
normalized_polarity_output_hotel_4851.json,1
normalized_polarity_output_hotel_1115.json,1
normalized_polarity_output_hotel_5165.json,1
normalized_polarity_output_hotel_7851.json,1
normalized_polarity_output_hotel_6582.json,1
normalized_polarity_output_hotel_1338.json,2
normalized_polarity_output_hotel_12380.json,3
normalized_polarity_output_hotel_177.json,3
normalized_polarity_output_hotel_12122.json,3
normalized_polarity_output_hotel_12354.json,3
normalized_polarity_output_hotel_3324.json,3
normalized_polarity_output_hotel_2881.json,1
normalized_polarity_output_hotel_10090.json,1
normalized_polarity_output_hotel_11463.json,3
normalized_polarity_output_hotel_1669.json,3
normalized_polarity_output_hotel_9492.json,1
normalized_polarity_output_hotel_652.json,2
normalized_polarity_output_hotel_9930.json,1
normalized_polarity_output_hotel_2956.json,1
normalized_polarity_output_hotel_11030.json,3
normalized_polarity_output_hotel_758.json,3
normalized_polarity_output_hotel_966.json,2
normalized_polarity_output_hotel_12432.json,1
normalized_polarity_output_hotel_2967.json,1
normalized_polarity_output_hotel_12406.json,1
normalized_polarity_output_hotel_11483.json,1
normalized_polarity_output_hotel_10914.json,1
normalized_polarity_output_hotel_9097.json,2
normalized_polarity_output_hotel_2577.json,1
normalized_polarity_output_hotel_11569.json,1
normalized_polarity_output_hotel_12019.json,3
normalized_polarity_output_hotel_337.json,1
normalized_polarity_output_hotel_5260.json,1
normalized_polarity_output_hotel_2433.json,3
normalized_polarity_output_hotel_1668.json,1
normalized_polarity_output_hotel_10866.json,2
normalized_polarity_output_hotel_8955.json,1
normalized_polarity_output_hotel_1808.json,1
normalized_polarity_output_hotel_3992.json,1
normalized_polarity_output_hotel_312.json,3
normalized_polarity_output_hotel_581.json,1
normalized_polarity_output_hotel_6683.json,2
normalized_polarity_output_hotel_1232.json,3
normalized_polarity_output_hotel_5189.json,3
normalized_polarity_output_hotel_12376.json,1
normalized_polarity_output_hotel_12576.json,1
normalized_polarity_output_hotel_8988.json,2
normalized_polarity_output_hotel_1564.json,1
normalized_polarity_output_hotel_5787.json,3
normalized_polarity_output_hotel_11439.json,2
normalized_polarity_output_hotel_3648.json,1
normalized_polarity_output_hotel_2759.json,2
normalized_polarity_output_hotel_901.json,1
normalized_polarity_output_hotel_1123.json,3
normalized_polarity_output_hotel_3335.json,3
normalized_polarity_output_hotel_12452.json,3
normalized_polarity_output_hotel_139.json,1
normalized_polarity_output_hotel_1359.json,1
normalized_polarity_output_hotel_11262.json,1
normalized_polarity_output_hotel_592.json,3
normalized_polarity_output_hotel_4560.json,2
normalized_polarity_output_hotel_1866.json,3
normalized_polarity_output_hotel_11379.json,2
normalized_polarity_output_hotel_4377.json,3
normalized_polarity_output_hotel_11176.json,1
normalized_polarity_output_hotel_11145.json,2
normalized_polarity_output_hotel_8889.json,1
normalized_polarity_output_hotel_1604.json,3
normalized_polarity_output_hotel_12402.json,3
normalized_polarity_output_hotel_12179.json,3
normalized_polarity_output_hotel_5438.json,2
normalized_polarity_output_hotel_12435.json,3
normalized_polarity_output_hotel_5192.json,3
normalized_polarity_output_hotel_11358.json,1
normalized_polarity_output_hotel_1522.json,1
normalized_polarity_output_hotel_631.json,1
normalized_polarity_output_hotel_2329.json,2
normalized_polarity_output_hotel_869.json,3
normalized_polarity_output_hotel_5354.json,1
normalized_polarity_output_hotel_783.json,1
normalized_polarity_output_hotel_3085.json,1
normalized_polarity_output_hotel_12309.json,1
normalized_polarity_output_hotel_12427.json,2
normalized_polarity_output_hotel_1357.json,3
normalized_polarity_output_hotel_903.json,2
normalized_polarity_output_hotel_12446.json,1
normalized_polarity_output_hotel_4611.json,3
normalized_polarity_output_hotel_10702.json,3
normalized_polarity_output_hotel_2776.json,1
normalized_polarity_output_hotel_1313.json,2
normalized_polarity_output_hotel_5302.json,2
normalized_polarity_output_hotel_12467.json,3
normalized_polarity_output_hotel_9111.json,1
normalized_polarity_output_hotel_11157.json,2
normalized_polarity_output_hotel_199.json,1
normalized_polarity_output_hotel_3510.json,1
normalized_polarity_output_hotel_915.json,2
normalized_polarity_output_hotel_4346.json,1
normalized_polarity_output_hotel_1278.json,3
normalized_polarity_output_hotel_8194.json,1
normalized_polarity_output_hotel_11488.json,2
normalized_polarity_output_hotel_10086.json,2
normalized_polarity_output_hotel_11385.json,2
normalized_polarity_output_hotel_6596.json,1
normalized_polarity_output_hotel_4537.json,1
normalized_polarity_output_hotel_1814.json,3
normalized_polarity_output_hotel_1318.json,1
normalized_polarity_output_hotel_5562.json,2
normalized_polarity_output_hotel_691.json,2
normalized_polarity_output_hotel_4698.json,3
normalized_polarity_output_hotel_12609.json,3
normalized_polarity_output_hotel_12232.json,3
normalized_polarity_output_hotel_1267.json,2
normalized_polarity_output_hotel_297.json,3
normalized_polarity_output_hotel_4830.json,1
normalized_polarity_output_hotel_4987.json,2
normalized_polarity_output_hotel_7646.json,3
normalized_polarity_output_hotel_12029.json,1
normalized_polarity_output_hotel_11412.json,1
normalized_polarity_output_hotel_3403.json,1
normalized_polarity_output_hotel_12412.json,1
normalized_polarity_output_hotel_734.json,1
normalized_polarity_output_hotel_601.json,1
normalized_polarity_output_hotel_11141.json,3
normalized_polarity_output_hotel_11201.json,2
normalized_polarity_output_hotel_480.json,1
normalized_polarity_output_hotel_11142.json,3
normalized_polarity_output_hotel_11363.json,1
normalized_polarity_output_hotel_6519.json,1
normalized_polarity_output_hotel_1467.json,3
normalized_polarity_output_hotel_10027.json,1
normalized_polarity_output_hotel_11932.json,3
normalized_polarity_output_hotel_6236.json,1
normalized_polarity_output_hotel_11651.json,1
normalized_polarity_output_hotel_908.json,2
normalized_polarity_output_hotel_121.json,1
normalized_polarity_output_hotel_517.json,1
normalized_polarity_output_hotel_8093.json,1
normalized_polarity_output_hotel_3146.json,2
normalized_polarity_output_hotel_1114.json,1
normalized_polarity_output_hotel_10936.json,1
normalized_polarity_output_hotel_413.json,1
normalized_polarity_output_hotel_12304.json,3
normalized_polarity_output_hotel_10894.json,1
normalized_polarity_output_hotel_11961.json,3
normalized_polarity_output_hotel_7371.json,1
normalized_polarity_output_hotel_3508.json,2
normalized_polarity_output_hotel_857.json,3
normalized_polarity_output_hotel_1135.json,3
normalized_polarity_output_hotel_12437.json,1
normalized_polarity_output_hotel_11881.json,3
normalized_polarity_output_hotel_12500.json,1
normalized_polarity_output_hotel_7090.json,1
normalized_polarity_output_hotel_7662.json,1
normalized_polarity_output_hotel_12342.json,1
normalized_polarity_output_hotel_12477.json,2
normalized_polarity_output_hotel_865.json,3
normalized_polarity_output_hotel_1365.json,3
normalized_polarity_output_hotel_938.json,1
normalized_polarity_output_hotel_2733.json,1
normalized_polarity_output_hotel_5803.json,3
normalized_polarity_output_hotel_12502.json,3
normalized_polarity_output_hotel_4061.json,1
normalized_polarity_output_hotel_9202.json,1
normalized_polarity_output_hotel_2917.json,3
normalized_polarity_output_hotel_11558.json,3
normalized_polarity_output_hotel_4731.json,1
normalized_polarity_output_hotel_1244.json,1
normalized_polarity_output_hotel_1124.json,3
normalized_polarity_output_hotel_5808.json,1
normalized_polarity_output_hotel_8597.json,2
normalized_polarity_output_hotel_12531.json,3
normalized_polarity_output_hotel_9274.json,3
normalized_polarity_output_hotel_10313.json,2
normalized_polarity_output_hotel_5487.json,3
normalized_polarity_output_hotel_11163.json,1
normalized_polarity_output_hotel_1029.json,1
normalized_polarity_output_hotel_3006.json,3
normalized_polarity_output_hotel_12491.json,3
normalized_polarity_output_hotel_708.json,1
normalized_polarity_output_hotel_5501.json,1
normalized_polarity_output_hotel_11234.json,1
normalized_polarity_output_hotel_11556.json,1
normalized_polarity_output_hotel_343.json,1
normalized_polarity_output_hotel_851.json,1
normalized_polarity_output_hotel_9962.json,1
normalized_polarity_output_hotel_12749.json,1
normalized_polarity_output_hotel_1602.json,1
normalized_polarity_output_hotel_9850.json,1
normalized_polarity_output_hotel_6001.json,3
normalized_polarity_output_hotel_6422.json,2
normalized_polarity_output_hotel_905.json,3
normalized_polarity_output_hotel_5937.json,1
normalized_polarity_output_hotel_4733.json,3
normalized_polarity_output_hotel_12535.json,2
normalized_polarity_output_hotel_3220.json,1
normalized_polarity_output_hotel_470.json,2
normalized_polarity_output_hotel_1862.json,3
normalized_polarity_output_hotel_11208.json,2
normalized_polarity_output_hotel_7230.json,1
normalized_polarity_output_hotel_12009.json,3
normalized_polarity_output_hotel_323.json,3
normalized_polarity_output_hotel_12719.json,3
normalized_polarity_output_hotel_943.json,1
normalized_polarity_output_hotel_1962.json,1
normalized_polarity_output_hotel_12400.json,3
normalized_polarity_output_hotel_3826.json,3
normalized_polarity_output_hotel_12217.json,3
normalized_polarity_output_hotel_2935.json,2
normalized_polarity_output_hotel_3072.json,3
normalized_polarity_output_hotel_2825.json,1
normalized_polarity_output_hotel_6658.json,2
normalized_polarity_output_hotel_3472.json,3
normalized_polarity_output_hotel_12405.json,3
normalized_polarity_output_hotel_10288.json,1
normalized_polarity_output_hotel_6607.json,1
normalized_polarity_output_hotel_10961.json,2
normalized_polarity_output_hotel_7037.json,1
normalized_polarity_output_hotel_5271.json,3
normalized_polarity_output_hotel_11950.json,3
normalized_polarity_output_hotel_12461.json,2
normalized_polarity_output_hotel_11523.json,3
normalized_polarity_output_hotel_5755.json,3
normalized_polarity_output_hotel_8125.json,2
normalized_polarity_output_hotel_12705.json,2
normalized_polarity_output_hotel_12580.json,1
normalized_polarity_output_hotel_12194.json,1
normalized_polarity_output_hotel_917.json,1
normalized_polarity_output_hotel_11221.json,1
normalized_polarity_output_hotel_10733.json,2
normalized_polarity_output_hotel_11782.json,3
normalized_polarity_output_hotel_6281.json,1
normalized_polarity_output_hotel_4395.json,3
normalized_polarity_output_hotel_3957.json,1
normalized_polarity_output_hotel_4923.json,2
normalized_polarity_output_hotel_1266.json,1
normalized_polarity_output_hotel_3913.json,3
normalized_polarity_output_hotel_907.json,1
normalized_polarity_output_hotel_11454.json,1
normalized_polarity_output_hotel_9533.json,1
normalized_polarity_output_hotel_1813.json,3
normalized_polarity_output_hotel_2090.json,2
normalized_polarity_output_hotel_11643.json,3
normalized_polarity_output_hotel_1283.json,1
normalized_polarity_output_hotel_11592.json,3
normalized_polarity_output_hotel_11935.json,3
normalized_polarity_output_hotel_2799.json,1
normalized_polarity_output_hotel_9632.json,1
normalized_polarity_output_hotel_935.json,1
normalized_polarity_output_hotel_249.json,3
normalized_polarity_output_hotel_235.json,3
normalized_polarity_output_hotel_11972.json,1
normalized_polarity_output_hotel_11115.json,3
normalized_polarity_output_hotel_1030.json,3
normalized_polarity_output_hotel_9901.json,3
normalized_polarity_output_hotel_12521.json,1
normalized_polarity_output_hotel_960.json,1
normalized_polarity_output_hotel_554.json,1
normalized_polarity_output_hotel_112.json,1
normalized_polarity_output_hotel_12335.json,3
normalized_polarity_output_hotel_11271.json,2
normalized_polarity_output_hotel_11340.json,2
normalized_polarity_output_hotel_647.json,1
normalized_polarity_output_hotel_7761.json,1
normalized_polarity_output_hotel_12323.json,3
normalized_polarity_output_hotel_3145.json,2
normalized_polarity_output_hotel_2553.json,3
normalized_polarity_output_hotel_11702.json,2
normalized_polarity_output_hotel_11330.json,3
normalized_polarity_output_hotel_1296.json,1
normalized_polarity_output_hotel_4390.json,2
normalized_polarity_output_hotel_12683.json,2
normalized_polarity_output_hotel_5702.json,1
normalized_polarity_output_hotel_8921.json,2
normalized_polarity_output_hotel_4579.json,3
normalized_polarity_output_hotel_5766.json,3
normalized_polarity_output_hotel_3054.json,3
normalized_polarity_output_hotel_10699.json,2
normalized_polarity_output_hotel_11846.json,1
normalized_polarity_output_hotel_5540.json,1
normalized_polarity_output_hotel_1370.json,3
normalized_polarity_output_hotel_11983.json,1
normalized_polarity_output_hotel_2843.json,1
normalized_polarity_output_hotel_2717.json,2
normalized_polarity_output_hotel_12695.json,1
normalized_polarity_output_hotel_11341.json,2
normalized_polarity_output_hotel_11357.json,1
normalized_polarity_output_hotel_11160.json,1
normalized_polarity_output_hotel_12340.json,2
normalized_polarity_output_hotel_4335.json,1
normalized_polarity_output_hotel_3912.json,2
normalized_polarity_output_hotel_10613.json,2
normalized_polarity_output_hotel_2735.json,1
normalized_polarity_output_hotel_2938.json,1
normalized_polarity_output_hotel_12393.json,3
normalized_polarity_output_hotel_8059.json,2
normalized_polarity_output_hotel_12381.json,3
normalized_polarity_output_hotel_5418.json,1
normalized_polarity_output_hotel_11579.json,3
normalized_polarity_output_hotel_7515.json,2
normalized_polarity_output_hotel_12513.json,3
normalized_polarity_output_hotel_82.json,1
normalized_polarity_output_hotel_1868.json,3
normalized_polarity_output_hotel_4680.json,3
normalized_polarity_output_hotel_859.json,3
normalized_polarity_output_hotel_8590.json,3
normalized_polarity_output_hotel_11547.json,2
normalized_polarity_output_hotel_1512.json,3
normalized_polarity_output_hotel_11519.json,3
normalized_polarity_output_hotel_12480.json,3
normalized_polarity_output_hotel_2051.json,3
normalized_polarity_output_hotel_11400.json,1
normalized_polarity_output_hotel_229.json,2
normalized_polarity_output_hotel_6981.json,3
normalized_polarity_output_hotel_12337.json,1
normalized_polarity_output_hotel_4398.json,1
normalized_polarity_output_hotel_8531.json,3
normalized_polarity_output_hotel_6244.json,2
normalized_polarity_output_hotel_11353.json,2
normalized_polarity_output_hotel_11844.json,1
normalized_polarity_output_hotel_6375.json,1
normalized_polarity_output_hotel_11421.json,2
normalized_polarity_output_hotel_961.json,1
normalized_polarity_output_hotel_11498.json,3
normalized_polarity_output_hotel_5020.json,1
normalized_polarity_output_hotel_2918.json,1
normalized_polarity_output_hotel_1652.json,3
normalized_polarity_output_hotel_11958.json,1
normalized_polarity_output_hotel_2552.json,3
normalized_polarity_output_hotel_11941.json,1
normalized_polarity_output_hotel_8941.json,2
normalized_polarity_output_hotel_8197.json,1
normalized_polarity_output_hotel_5286.json,2
normalized_polarity_output_hotel_11397.json,1
normalized_polarity_output_hotel_12145.json,1
normalized_polarity_output_hotel_5992.json,3
normalized_polarity_output_hotel_2092.json,1
normalized_polarity_output_hotel_10928.json,1
normalized_polarity_output_hotel_1311.json,3
normalized_polarity_output_hotel_11440.json,3
normalized_polarity_output_hotel_432.json,2
normalized_polarity_output_hotel_1671.json,3
normalized_polarity_output_hotel_12488.json,3
normalized_polarity_output_hotel_2879.json,3
normalized_polarity_output_hotel_4620.json,1
normalized_polarity_output_hotel_11232.json,2
normalized_polarity_output_hotel_12463.json,3
normalized_polarity_output_hotel_2503.json,2
normalized_polarity_output_hotel_12359.json,1
normalized_polarity_output_hotel_951.json,2
normalized_polarity_output_hotel_2970.json,3
normalized_polarity_output_hotel_11105.json,2
normalized_polarity_output_hotel_7704.json,1
normalized_polarity_output_hotel_736.json,1
normalized_polarity_output_hotel_3022.json,3
normalized_polarity_output_hotel_1443.json,2
normalized_polarity_output_hotel_11981.json,3
normalized_polarity_output_hotel_1637.json,1
normalized_polarity_output_hotel_533.json,1
normalized_polarity_output_hotel_11300.json,2
normalized_polarity_output_hotel_2951.json,3
normalized_polarity_output_hotel_7865.json,3
normalized_polarity_output_hotel_1262.json,3
normalized_polarity_output_hotel_12333.json,1
normalized_polarity_output_hotel_931.json,1
normalized_polarity_output_hotel_5732.json,3
normalized_polarity_output_hotel_760.json,3
normalized_polarity_output_hotel_5772.json,3
normalized_polarity_output_hotel_1666.json,1
normalized_polarity_output_hotel_2057.json,3
normalized_polarity_output_hotel_10899.json,1
normalized_polarity_output_hotel_7631.json,1
normalized_polarity_output_hotel_2824.json,3
normalized_polarity_output_hotel_1239.json,1
normalized_polarity_output_hotel_4614.json,3
normalized_polarity_output_hotel_11137.json,2
normalized_polarity_output_hotel_12395.json,3
normalized_polarity_output_hotel_629.json,3
normalized_polarity_output_hotel_7024.json,2
normalized_polarity_output_hotel_2822.json,1
normalized_polarity_output_hotel_12506.json,1
normalized_polarity_output_hotel_2981.json,1
normalized_polarity_output_hotel_4199.json,1
normalized_polarity_output_hotel_559.json,3
normalized_polarity_output_hotel_11263.json,1
normalized_polarity_output_hotel_11167.json,1
normalized_polarity_output_hotel_2882.json,1
normalized_polarity_output_hotel_3309.json,2
normalized_polarity_output_hotel_1250.json,3
normalized_polarity_output_hotel_12450.json,2
normalized_polarity_output_hotel_2046.json,1
normalized_polarity_output_hotel_1288.json,2
normalized_polarity_output_hotel_3973.json,1
normalized_polarity_output_hotel_11231.json,3
normalized_polarity_output_hotel_12017.json,3
normalized_polarity_output_hotel_521.json,1
normalized_polarity_output_hotel_5502.json,3
normalized_polarity_output_hotel_11327.json,3
normalized_polarity_output_hotel_1028.json,3
normalized_polarity_output_hotel_1237.json,3
normalized_polarity_output_hotel_9227.json,2
normalized_polarity_output_hotel_87.json,3
normalized_polarity_output_hotel_12516.json,3
normalized_polarity_output_hotel_12148.json,1
normalized_polarity_output_hotel_12398.json,3
normalized_polarity_output_hotel_12379.json,3
normalized_polarity_output_hotel_4608.json,1
normalized_polarity_output_hotel_3409.json,1
normalized_polarity_output_hotel_12418.json,3
normalized_polarity_output_hotel_2884.json,3
normalized_polarity_output_hotel_137.json,1
normalized_polarity_output_hotel_1241.json,1
normalized_polarity_output_hotel_12314.json,3
normalized_polarity_output_hotel_6590.json,3
normalized_polarity_output_hotel_11235.json,1
normalized_polarity_output_hotel_3960.json,3
normalized_polarity_output_hotel_11364.json,1
normalized_polarity_output_hotel_11574.json,3
normalized_polarity_output_hotel_622.json,3
normalized_polarity_output_hotel_2940.json,1
normalized_polarity_output_hotel_10909.json,2
normalized_polarity_output_hotel_10911.json,2
normalized_polarity_output_hotel_2900.json,2
normalized_polarity_output_hotel_11192.json,2
normalized_polarity_output_hotel_8703.json,3
normalized_polarity_output_hotel_12416.json,2
normalized_polarity_output_hotel_11210.json,2
normalized_polarity_output_hotel_12116.json,2
normalized_polarity_output_hotel_12146.json,3
normalized_polarity_output_hotel_378.json,3
normalized_polarity_output_hotel_316.json,3
normalized_polarity_output_hotel_7447.json,2
normalized_polarity_output_hotel_11336.json,1
normalized_polarity_output_hotel_623.json,3
normalized_polarity_output_hotel_4592.json,1
normalized_polarity_output_hotel_757.json,3
normalized_polarity_output_hotel_522.json,3
normalized_polarity_output_hotel_867.json,3
normalized_polarity_output_hotel_5561.json,1
normalized_polarity_output_hotel_1137.json,3
normalized_polarity_output_hotel_920.json,1
normalized_polarity_output_hotel_2727.json,3
normalized_polarity_output_hotel_527.json,3
normalized_polarity_output_hotel_1581.json,3
normalized_polarity_output_hotel_2764.json,3
normalized_polarity_output_hotel_563.json,2
normalized_polarity_output_hotel_12605.json,3
normalized_polarity_output_hotel_12096.json,1
normalized_polarity_output_hotel_10741.json,3
normalized_polarity_output_hotel_12482.json,1
normalized_polarity_output_hotel_9410.json,2
normalized_polarity_output_hotel_11354.json,2
normalized_polarity_output_hotel_12110.json,3
normalized_polarity_output_hotel_530.json,3
normalized_polarity_output_hotel_1856.json,3
normalized_polarity_output_hotel_5411.json,2
normalized_polarity_output_hotel_252.json,1
normalized_polarity_output_hotel_12582.json,3
normalized_polarity_output_hotel_2765.json,2
normalized_polarity_output_hotel_5133.json,1
normalized_polarity_output_hotel_1491.json,2
normalized_polarity_output_hotel_9537.json,1
normalized_polarity_output_hotel_2232.json,1
normalized_polarity_output_hotel_5456.json,1
normalized_polarity_output_hotel_12464.json,1
normalized_polarity_output_hotel_465.json,1
normalized_polarity_output_hotel_10859.json,2
normalized_polarity_output_hotel_6187.json,1
normalized_polarity_output_hotel_3087.json,3
normalized_polarity_output_hotel_1929.json,3
normalized_polarity_output_hotel_2060.json,1
normalized_polarity_output_hotel_11645.json,1
normalized_polarity_output_hotel_12078.json,3
normalized_polarity_output_hotel_2188.json,1
normalized_polarity_output_hotel_4742.json,2
normalized_polarity_output_hotel_12554.json,2
normalized_polarity_output_hotel_9947.json,3
normalized_polarity_output_hotel_2082.json,3
normalized_polarity_output_hotel_3435.json,3
normalized_polarity_output_hotel_150.json,3
normalized_polarity_output_hotel_1470.json,3
normalized_polarity_output_hotel_1869.json,3
normalized_polarity_output_hotel_3798.json,1
normalized_polarity_output_hotel_849.json,3
normalized_polarity_output_hotel_10938.json,1
normalized_polarity_output_hotel_11834.json,3
normalized_polarity_output_hotel_11248.json,2
normalized_polarity_output_hotel_607.json,1
normalized_polarity_output_hotel_425.json,3
normalized_polarity_output_hotel_1663.json,3
normalized_polarity_output_hotel_1371.json,1
normalized_polarity_output_hotel_4505.json,1
normalized_polarity_output_hotel_7286.json,1
normalized_polarity_output_hotel_11630.json,3
normalized_polarity_output_hotel_2826.json,3
normalized_polarity_output_hotel_10869.json,2
normalized_polarity_output_hotel_5015.json,1
normalized_polarity_output_hotel_9973.json,3
normalized_polarity_output_hotel_12090.json,1
normalized_polarity_output_hotel_12442.json,1
normalized_polarity_output_hotel_7728.json,3
normalized_polarity_output_hotel_5602.json,2
normalized_polarity_output_hotel_2873.json,3
normalized_polarity_output_hotel_5393.json,2
normalized_polarity_output_hotel_3126.json,3
normalized_polarity_output_hotel_2785.json,2
normalized_polarity_output_hotel_5434.json,3
normalized_polarity_output_hotel_715.json,3
normalized_polarity_output_hotel_5631.json,2
normalized_polarity_output_hotel_2861.json,1
normalized_polarity_output_hotel_6957.json,2
normalized_polarity_output_hotel_11205.json,1
normalized_polarity_output_hotel_1481.json,3
normalized_polarity_output_hotel_5363.json,2
normalized_polarity_output_hotel_12134.json,3
normalized_polarity_output_hotel_12055.json,1
normalized_polarity_output_hotel_12382.json,1
normalized_polarity_output_hotel_1520.json,3
normalized_polarity_output_hotel_10930.json,2
normalized_polarity_output_hotel_10734.json,2
normalized_polarity_output_hotel_4605.json,3
normalized_polarity_output_hotel_2254.json,1
normalized_polarity_output_hotel_1984.json,3
normalized_polarity_output_hotel_11154.json,2
normalized_polarity_output_hotel_1031.json,3
normalized_polarity_output_hotel_2880.json,1
normalized_polarity_output_hotel_5409.json,1
normalized_polarity_output_hotel_12103.json,3
normalized_polarity_output_hotel_10958.json,3
normalized_polarity_output_hotel_847.json,3
normalized_polarity_output_hotel_1427.json,2
normalized_polarity_output_hotel_3118.json,3
normalized_polarity_output_hotel_1166.json,1
normalized_polarity_output_hotel_346.json,2
normalized_polarity_output_hotel_113.json,1
normalized_polarity_output_hotel_11249.json,3
normalized_polarity_output_hotel_12563.json,3
normalized_polarity_output_hotel_10871.json,2
normalized_polarity_output_hotel_11841.json,3
normalized_polarity_output_hotel_7656.json,1
normalized_polarity_output_hotel_1493.json,1
normalized_polarity_output_hotel_8181.json,1
normalized_polarity_output_hotel_5675.json,1
normalized_polarity_output_hotel_5251.json,1
normalized_polarity_output_hotel_6521.json,3
normalized_polarity_output_hotel_324.json,3
normalized_polarity_output_hotel_41.json,3
normalized_polarity_output_hotel_12222.json,1
normalized_polarity_output_hotel_513.json,1
normalized_polarity_output_hotel_1305.json,1
normalized_polarity_output_hotel_6980.json,3
normalized_polarity_output_hotel_9944.json,1
normalized_polarity_output_hotel_12514.json,3
normalized_polarity_output_hotel_11023.json,1
normalized_polarity_output_hotel_85.json,3
normalized_polarity_output_hotel_11198.json,3
normalized_polarity_output_hotel_10704.json,2
normalized_polarity_output_hotel_3470.json,1
normalized_polarity_output_hotel_12407.json,2
normalized_polarity_output_hotel_3859.json,3
normalized_polarity_output_hotel_12459.json,1
normalized_polarity_output_hotel_4353.json,1
normalized_polarity_output_hotel_497.json,1
normalized_polarity_output_hotel_4443.json,1
normalized_polarity_output_hotel_3814.json,1
normalized_polarity_output_hotel_2871.json,3
normalized_polarity_output_hotel_243.json,3
normalized_polarity_output_hotel_3386.json,3
normalized_polarity_output_hotel_5132.json,3
normalized_polarity_output_hotel_12162.json,3
normalized_polarity_output_hotel_367.json,3
normalized_polarity_output_hotel_876.json,1
normalized_polarity_output_hotel_6010.json,3
normalized_polarity_output_hotel_3287.json,2
normalized_polarity_output_hotel_341.json,3
normalized_polarity_output_hotel_12114.json,1
normalized_polarity_output_hotel_2768.json,2
normalized_polarity_output_hotel_11916.json,3
normalized_polarity_output_hotel_1612.json,3
normalized_polarity_output_hotel_2548.json,3
normalized_polarity_output_hotel_10876.json,1
normalized_polarity_output_hotel_1607.json,1
normalized_polarity_output_hotel_2113.json,3
normalized_polarity_output_hotel_12345.json,1
normalized_polarity_output_hotel_12507.json,2
normalized_polarity_output_hotel_6382.json,1
normalized_polarity_output_hotel_8037.json,2
normalized_polarity_output_hotel_3574.json,3
normalized_polarity_output_hotel_720.json,3
normalized_polarity_output_hotel_11335.json,1
normalized_polarity_output_hotel_1147.json,3
normalized_polarity_output_hotel_2833.json,1
normalized_polarity_output_hotel_965.json,3
normalized_polarity_output_hotel_2763.json,3
normalized_polarity_output_hotel_1822.json,1
normalized_polarity_output_hotel_5841.json,3
normalized_polarity_output_hotel_944.json,2
normalized_polarity_output_hotel_7966.json,1
normalized_polarity_output_hotel_3644.json,3
normalized_polarity_output_hotel_5405.json,1
normalized_polarity_output_hotel_7457.json,3
normalized_polarity_output_hotel_12310.json,1
normalized_polarity_output_hotel_484.json,1
normalized_polarity_output_hotel_4739.json,1
normalized_polarity_output_hotel_11413.json,2
normalized_polarity_output_hotel_2049.json,3
normalized_polarity_output_hotel_1809.json,3
normalized_polarity_output_hotel_1730.json,1
normalized_polarity_output_hotel_11683.json,3
normalized_polarity_output_hotel_7883.json,2
normalized_polarity_output_hotel_12308.json,1
normalized_polarity_output_hotel_1077.json,1
normalized_polarity_output_hotel_6391.json,2
normalized_polarity_output_hotel_10971.json,3
normalized_polarity_output_hotel_12377.json,3
normalized_polarity_output_hotel_1344.json,1
normalized_polarity_output_hotel_981.json,3
normalized_polarity_output_hotel_12692.json,3
normalized_polarity_output_hotel_1139.json,3
normalized_polarity_output_hotel_11195.json,1
normalized_polarity_output_hotel_1684.json,1
normalized_polarity_output_hotel_3116.json,1
normalized_polarity_output_hotel_9611.json,3
normalized_polarity_output_hotel_447.json,3
normalized_polarity_output_hotel_1662.json,1
normalized_polarity_output_hotel_5999.json,3
normalized_polarity_output_hotel_12428.json,1
normalized_polarity_output_hotel_5868.json,1
normalized_polarity_output_hotel_4595.json,1
normalized_polarity_output_hotel_12350.json,3
normalized_polarity_output_hotel_3727.json,2
normalized_polarity_output_hotel_959.json,1
normalized_polarity_output_hotel_1366.json,3
normalized_polarity_output_hotel_8063.json,3
normalized_polarity_output_hotel_11867.json,3
normalized_polarity_output_hotel_4634.json,3
normalized_polarity_output_hotel_839.json,3
normalized_polarity_output_hotel_12341.json,1
normalized_polarity_output_hotel_2957.json,1
normalized_polarity_output_hotel_12165.json,1
normalized_polarity_output_hotel_12483.json,1
normalized_polarity_output_hotel_3051.json,1
normalized_polarity_output_hotel_12046.json,3
normalized_polarity_output_hotel_12053.json,3
normalized_polarity_output_hotel_2831.json,3
normalized_polarity_output_hotel_3548.json,1
normalized_polarity_output_hotel_1889.json,3
normalized_polarity_output_hotel_9770.json,2
normalized_polarity_output_hotel_1339.json,3
normalized_polarity_output_hotel_11535.json,2
normalized_polarity_output_hotel_12348.json,1
normalized_polarity_output_hotel_10776.json,2
normalized_polarity_output_hotel_1451.json,3
normalized_polarity_output_hotel_12320.json,3
normalized_polarity_output_hotel_11819.json,1
normalized_polarity_output_hotel_3024.json,2
normalized_polarity_output_hotel_641.json,1
normalized_polarity_output_hotel_1165.json,1
normalized_polarity_output_hotel_701.json,3
normalized_polarity_output_hotel_2985.json,3
normalized_polarity_output_hotel_1243.json,3
normalized_polarity_output_hotel_494.json,1
normalized_polarity_output_hotel_11952.json,3
normalized_polarity_output_hotel_10967.json,2
normalized_polarity_output_hotel_233.json,3
normalized_polarity_output_hotel_646.json,1
normalized_polarity_output_hotel_595.json,1
normalized_polarity_output_hotel_914.json,1
normalized_polarity_output_hotel_1361.json,1
normalized_polarity_output_hotel_12560.json,1
normalized_polarity_output_hotel_1424.json,3
normalized_polarity_output_hotel_4186.json,1
normalized_polarity_output_hotel_1126.json,3
normalized_polarity_output_hotel_1579.json,1
normalized_polarity_output_hotel_940.json,1
normalized_polarity_output_hotel_942.json,1
normalized_polarity_output_hotel_3525.json,1
normalized_polarity_output_hotel_12434.json,3
normalized_polarity_output_hotel_528.json,1
normalized_polarity_output_hotel_11031.json,1
normalized_polarity_output_hotel_11521.json,3
normalized_polarity_output_hotel_11227.json,1
normalized_polarity_output_hotel_11112.json,1
normalized_polarity_output_hotel_11520.json,3
normalized_polarity_output_hotel_11084.json,1
normalized_polarity_output_hotel_3063.json,1
normalized_polarity_output_hotel_9167.json,3
normalized_polarity_output_hotel_3810.json,1
normalized_polarity_output_hotel_12493.json,1
normalized_polarity_output_hotel_4166.json,2
normalized_polarity_output_hotel_5957.json,3
normalized_polarity_output_hotel_1387.json,3
normalized_polarity_output_hotel_5936.json,3
normalized_polarity_output_hotel_904.json,1
normalized_polarity_output_hotel_8795.json,1
normalized_polarity_output_hotel_12394.json,1
normalized_polarity_output_hotel_127.json,2
normalized_polarity_output_hotel_1231.json,1
normalized_polarity_output_hotel_653.json,1
normalized_polarity_output_hotel_12486.json,3
normalized_polarity_output_hotel_12411.json,1
normalized_polarity_output_hotel_3400.json,3
normalized_polarity_output_hotel_10885.json,2
normalized_polarity_output_hotel_843.json,1
normalized_polarity_output_hotel_12297.json,3
normalized_polarity_output_hotel_11107.json,2
normalized_polarity_output_hotel_12364.json,1
normalized_polarity_output_hotel_11143.json,1
normalized_polarity_output_hotel_4640.json,3
normalized_polarity_output_hotel_5811.json,3
normalized_polarity_output_hotel_1360.json,3
normalized_polarity_output_hotel_7917.json,3
normalized_polarity_output_hotel_868.json,1
normalized_polarity_output_hotel_2869.json,1
normalized_polarity_output_hotel_2746.json,1
normalized_polarity_output_hotel_12334.json,1
normalized_polarity_output_hotel_953.json,1
normalized_polarity_output_hotel_2919.json,2
normalized_polarity_output_hotel_12163.json,1
normalized_polarity_output_hotel_900.json,1
normalized_polarity_output_hotel_11648.json,3
normalized_polarity_output_hotel_12044.json,3
normalized_polarity_output_hotel_11982.json,1
normalized_polarity_output_hotel_1110.json,3
normalized_polarity_output_hotel_10883.json,1
normalized_polarity_output_hotel_11424.json,2
normalized_polarity_output_hotel_11085.json,2
normalized_polarity_output_hotel_3974.json,2
normalized_polarity_output_hotel_1102.json,1
normalized_polarity_output_hotel_11448.json,2
normalized_polarity_output_hotel_12510.json,3
normalized_polarity_output_hotel_1645.json,1
normalized_polarity_output_hotel_2265.json,3
normalized_polarity_output_hotel_12312.json,1
normalized_polarity_output_hotel_11613.json,1
normalized_polarity_output_hotel_83.json,1
normalized_polarity_output_hotel_8088.json,2
normalized_polarity_output_hotel_11680.json,1
normalized_polarity_output_hotel_10879.json,3
normalized_polarity_output_hotel_5735.json,3
normalized_polarity_output_hotel_4945.json,1
normalized_polarity_output_hotel_2496.json,3
normalized_polarity_output_hotel_11252.json,2
normalized_polarity_output_hotel_10691.json,2
normalized_polarity_output_hotel_6427.json,3
normalized_polarity_output_hotel_1121.json,1
normalized_polarity_output_hotel_5836.json,3
normalized_polarity_output_hotel_1664.json,1
normalized_polarity_output_hotel_5407.json,1
normalized_polarity_output_hotel_3380.json,2
normalized_polarity_output_hotel_12095.json,1
normalized_polarity_output_hotel_9159.json,1
normalized_polarity_output_hotel_8502.json,1
normalized_polarity_output_hotel_1482.json,3
normalized_polarity_output_hotel_12573.json,3
normalized_polarity_output_hotel_11237.json,2
normalized_polarity_output_hotel_10822.json,1
normalized_polarity_output_hotel_1245.json,3
normalized_polarity_output_hotel_9293.json,3
normalized_polarity_output_hotel_12184.json,3
normalized_polarity_output_hotel_925.json,2
normalized_polarity_output_hotel_10102.json,1
normalized_polarity_output_hotel_1852.json,1
normalized_polarity_output_hotel_5771.json,3
normalized_polarity_output_hotel_5802.json,3
normalized_polarity_output_hotel_11173.json,3
normalized_polarity_output_hotel_6672.json,3
normalized_polarity_output_hotel_12346.json,1
normalized_polarity_output_hotel_11203.json,2
normalized_polarity_output_hotel_10891.json,1
normalized_polarity_output_hotel_11957.json,3
normalized_polarity_output_hotel_4869.json,3
normalized_polarity_output_hotel_290.json,1
normalized_polarity_output_hotel_12389.json,3
normalized_polarity_output_hotel_6618.json,2
normalized_polarity_output_hotel_6884.json,2
normalized_polarity_output_hotel_988.json,1
normalized_polarity_output_hotel_764.json,1
normalized_polarity_output_hotel_6005.json,3
normalized_polarity_output_hotel_11228.json,2
normalized_polarity_output_hotel_3188.json,3
normalized_polarity_output_hotel_8765.json,1
normalized_polarity_output_hotel_2989.json,3
normalized_polarity_output_hotel_6226.json,1
normalized_polarity_output_hotel_643.json,1
normalized_polarity_output_hotel_1642.json,3
normalized_polarity_output_hotel_1904.json,3
normalized_polarity_output_hotel_10142.json,1
normalized_polarity_output_hotel_11324.json,3
normalized_polarity_output_hotel_1961.json,1
normalized_polarity_output_hotel_1238.json,1
normalized_polarity_output_hotel_544.json,1
normalized_polarity_output_hotel_12322.json,2
normalized_polarity_output_hotel_1978.json,3
normalized_polarity_output_hotel_1638.json,3
normalized_polarity_output_hotel_2915.json,3
normalized_polarity_output_hotel_11533.json,2
normalized_polarity_output_hotel_10495.json,1
normalized_polarity_output_hotel_1480.json,3
normalized_polarity_output_hotel_1632.json,2
normalized_polarity_output_hotel_2894.json,1
normalized_polarity_output_hotel_12101.json,3
normalized_polarity_output_hotel_2286.json,3
normalized_polarity_output_hotel_5833.json,1
normalized_polarity_output_hotel_12429.json,1
normalized_polarity_output_hotel_1795.json,3
normalized_polarity_output_hotel_11133.json,1
normalized_polarity_output_hotel_12042.json,1
normalized_polarity_output_hotel_2350.json,3
normalized_polarity_output_hotel_12401.json,1
normalized_polarity_output_hotel_639.json,1
normalized_polarity_output_hotel_3424.json,3
normalized_polarity_output_hotel_11356.json,2
normalized_polarity_output_hotel_214.json,3
normalized_polarity_output_hotel_866.json,3
normalized_polarity_output_hotel_12425.json,1
normalized_polarity_output_hotel_12547.json,3
normalized_polarity_output_hotel_12734.json,3
normalized_polarity_output_hotel_11325.json,3
normalized_polarity_output_hotel_6478.json,3
normalized_polarity_output_hotel_10862.json,1
normalized_polarity_output_hotel_10207.json,1
normalized_polarity_output_hotel_11123.json,1
normalized_polarity_output_hotel_12469.json,2
normalized_polarity_output_hotel_12470.json,1
normalized_polarity_output_hotel_11316.json,2
normalized_polarity_output_hotel_1819.json,3
normalized_polarity_output_hotel_11583.json,3
normalized_polarity_output_hotel_6699.json,2
normalized_polarity_output_hotel_12545.json,1
normalized_polarity_output_hotel_1540.json,2
normalized_polarity_output_hotel_846.json,1
normalized_polarity_output_hotel_12426.json,1
normalized_polarity_output_hotel_11949.json,3
normalized_polarity_output_hotel_1829.json,1
normalized_polarity_output_hotel_2102.json,1
normalized_polarity_output_hotel_1145.json,3
normalized_polarity_output_hotel_11915.json,1
normalized_polarity_output_hotel_1828.json,1
normalized_polarity_output_hotel_2217.json,3
normalized_polarity_output_hotel_12077.json,2
normalized_polarity_output_hotel_1234.json,1
normalized_polarity_output_hotel_11692.json,3
normalized_polarity_output_hotel_11006.json,1
normalized_polarity_output_hotel_10887.json,1
normalized_polarity_output_hotel_11403.json,2
normalized_polarity_output_hotel_6888.json,1
normalized_polarity_output_hotel_12366.json,1
normalized_polarity_output_hotel_1130.json,3
normalized_polarity_output_hotel_11948.json,1
normalized_polarity_output_hotel_4872.json,1
normalized_polarity_output_hotel_3351.json,2
normalized_polarity_output_hotel_2322.json,3
normalized_polarity_output_hotel_6407.json,3
normalized_polarity_output_hotel_5789.json,3
normalized_polarity_output_hotel_7080.json,1
normalized_polarity_output_hotel_5087.json,1
normalized_polarity_output_hotel_1651.json,1
normalized_polarity_output_hotel_854.json,1
normalized_polarity_output_hotel_11241.json,1
normalized_polarity_output_hotel_4032.json,2
normalized_polarity_output_hotel_4774.json,1
normalized_polarity_output_hotel_2163.json,3
normalized_polarity_output_hotel_10907.json,1
normalized_polarity_output_hotel_9520.json,3
normalized_polarity_output_hotel_1144.json,3
normalized_polarity_output_hotel_11185.json,3
normalized_polarity_output_hotel_12129.json,1
normalized_polarity_output_hotel_636.json,1
normalized_polarity_output_hotel_578.json,1
normalized_polarity_output_hotel_12444.json,3
normalized_polarity_output_hotel_7927.json,3
normalized_polarity_output_hotel_2870.json,3
normalized_polarity_output_hotel_1293.json,3
normalized_polarity_output_hotel_1098.json,3
normalized_polarity_output_hotel_12487.json,1
normalized_polarity_output_hotel_12714.json,3
normalized_polarity_output_hotel_8845.json,3
normalized_polarity_output_hotel_12474.json,3
normalized_polarity_output_hotel_3180.json,1
normalized_polarity_output_hotel_2946.json,1
normalized_polarity_output_hotel_1453.json,1
normalized_polarity_output_hotel_6111.json,2
normalized_polarity_output_hotel_8210.json,1
normalized_polarity_output_hotel_927.json,3
normalized_polarity_output_hotel_9920.json,3
normalized_polarity_output_hotel_12186.json,1
normalized_polarity_output_hotel_4900.json,1
normalized_polarity_output_hotel_1324.json,1
normalized_polarity_output_hotel_7320.json,2
normalized_polarity_output_hotel_2862.json,2
normalized_polarity_output_hotel_106.json,3
normalized_polarity_output_hotel_840.json,3
normalized_polarity_output_hotel_1355.json,1
normalized_polarity_output_hotel_12150.json,3
normalized_polarity_output_hotel_1152.json,3
normalized_polarity_output_hotel_12384.json,3
normalized_polarity_output_hotel_2249.json,3
normalized_polarity_output_hotel_3700.json,3
normalized_polarity_output_hotel_12373.json,3
normalized_polarity_output_hotel_6473.json,1
normalized_polarity_output_hotel_1943.json,1
normalized_polarity_output_hotel_1646.json,2
normalized_polarity_output_hotel_10693.json,2
normalized_polarity_output_hotel_1479.json,1
normalized_polarity_output_hotel_2736.json,3
normalized_polarity_output_hotel_1295.json,3
normalized_polarity_output_hotel_11646.json,2
normalized_polarity_output_hotel_12123.json,1
normalized_polarity_output_hotel_12443.json,1
normalized_polarity_output_hotel_12120.json,3
normalized_polarity_output_hotel_266.json,1
normalized_polarity_output_hotel_1300.json,3
normalized_polarity_output_hotel_1611.json,2
normalized_polarity_output_hotel_347.json,1
normalized_polarity_output_hotel_12224.json,3
normalized_polarity_output_hotel_12102.json,3
normalized_polarity_output_hotel_12139.json,3
normalized_polarity_output_hotel_608.json,1
normalized_polarity_output_hotel_11119.json,1
normalized_polarity_output_hotel_790.json,3
normalized_polarity_output_hotel_11328.json,3
normalized_polarity_output_hotel_5626.json,2
normalized_polarity_output_hotel_12574.json,3
normalized_polarity_output_hotel_9528.json,1
normalized_polarity_output_hotel_7366.json,2
normalized_polarity_output_hotel_10944.json,3
normalized_polarity_output_hotel_3152.json,3
normalized_polarity_output_hotel_1233.json,1
normalized_polarity_output_hotel_10945.json,2
normalized_polarity_output_hotel_3427.json,3
normalized_polarity_output_hotel_5714.json,2
normalized_polarity_output_hotel_11314.json,3
normalized_polarity_output_hotel_1739.json,2
normalized_polarity_output_hotel_9939.json,1
normalized_polarity_output_hotel_5503.json,3
normalized_polarity_output_hotel_12329.json,1
normalized_polarity_output_hotel_12390.json,1
normalized_polarity_output_hotel_10489.json,1
normalized_polarity_output_hotel_268.json,1
normalized_polarity_output_hotel_752.json,3
normalized_polarity_output_hotel_7652.json,1
normalized_polarity_output_hotel_11986.json,3
normalized_polarity_output_hotel_11597.json,1
normalized_polarity_output_hotel_9466.json,2
normalized_polarity_output_hotel_10918.json,2
normalized_polarity_output_hotel_1881.json,3
normalized_polarity_output_hotel_929.json,1
normalized_polarity_output_hotel_3019.json,3
normalized_polarity_output_hotel_11323.json,3
normalized_polarity_output_hotel_10701.json,2
normalized_polarity_output_hotel_9936.json,3
normalized_polarity_output_hotel_11289.json,3
normalized_polarity_output_hotel_11168.json,2
normalized_polarity_output_hotel_5225.json,1
normalized_polarity_output_hotel_7296.json,2
normalized_polarity_output_hotel_440.json,1
normalized_polarity_output_hotel_5926.json,1
normalized_polarity_output_hotel_12193.json,3
normalized_polarity_output_hotel_10424.json,1
normalized_polarity_output_hotel_11450.json,1
normalized_polarity_output_hotel_2495.json,3
normalized_polarity_output_hotel_7183.json,3
normalized_polarity_output_hotel_1609.json,3
normalized_polarity_output_hotel_2889.json,3
normalized_polarity_output_hotel_12396.json,1
normalized_polarity_output_hotel_1919.json,1
normalized_polarity_output_hotel_10795.json,2
normalized_polarity_output_hotel_5799.json,3
normalized_polarity_output_hotel_5514.json,1
normalized_polarity_output_hotel_11410.json,1
normalized_polarity_output_hotel_12005.json,1
normalized_polarity_output_hotel_2646.json,1
normalized_polarity_output_hotel_8920.json,2
normalized_polarity_output_hotel_10191.json,1
normalized_polarity_output_hotel_12458.json,1
normalized_polarity_output_hotel_12497.json,3
normalized_polarity_output_hotel_12338.json,1
normalized_polarity_output_hotel_2734.json,2
normalized_polarity_output_hotel_1879.json,3
normalized_polarity_output_hotel_982.json,3
normalized_polarity_output_hotel_11027.json,2
normalized_polarity_output_hotel_12522.json,1
normalized_polarity_output_hotel_4649.json,3
normalized_polarity_output_hotel_5953.json,3
normalized_polarity_output_hotel_5123.json,2
normalized_polarity_output_hotel_12764.json,3
normalized_polarity_output_hotel_1681.json,1
normalized_polarity_output_hotel_3461.json,2
normalized_polarity_output_hotel_12430.json,1
normalized_polarity_output_hotel_313.json,3
normalized_polarity_output_hotel_9191.json,1
normalized_polarity_output_hotel_4653.json,3
normalized_polarity_output_hotel_321.json,3
normalized_polarity_output_hotel_2786.json,2
normalized_polarity_output_hotel_5845.json,3
normalized_polarity_output_hotel_12016.json,3
normalized_polarity_output_hotel_338.json,3
normalized_polarity_output_hotel_7551.json,3
normalized_polarity_output_hotel_12523.json,3
normalized_polarity_output_hotel_6664.json,1
normalized_polarity_output_hotel_12358.json,1
normalized_polarity_output_hotel_1142.json,3
normalized_polarity_output_hotel_11177.json,2
normalized_polarity_output_hotel_5284.json,1
normalized_polarity_output_hotel_1506.json,3
normalized_polarity_output_hotel_4637.json,3
normalized_polarity_output_hotel_5938.json,3
normalized_polarity_output_hotel_745.json,3
normalized_polarity_output_hotel_1103.json,1
normalized_polarity_output_hotel_6470.json,1
normalized_polarity_output_hotel_11606.json,1
normalized_polarity_output_hotel_620.json,1
normalized_polarity_output_hotel_11405.json,2
normalized_polarity_output_hotel_11191.json,1
normalized_polarity_output_hotel_2848.json,1
normalized_polarity_output_hotel_11480.json,2
normalized_polarity_output_hotel_12291.json,3
normalized_polarity_output_hotel_947.json,1
normalized_polarity_output_hotel_10905.json,3
normalized_polarity_output_hotel_11381.json,2
normalized_polarity_output_hotel_5349.json,1
normalized_polarity_output_hotel_949.json,2
normalized_polarity_output_hotel_315.json,2
normalized_polarity_output_hotel_956.json,3
normalized_polarity_output_hotel_11102.json,2
normalized_polarity_output_hotel_12152.json,1
normalized_polarity_output_hotel_304.json,1
normalized_polarity_output_hotel_5774.json,3
normalized_polarity_output_hotel_12149.json,3
normalized_polarity_output_hotel_11522.json,3
normalized_polarity_output_hotel_7650.json,1
normalized_polarity_output_hotel_5137.json,3
normalized_polarity_output_hotel_10748.json,1
normalized_polarity_output_hotel_10037.json,1
normalized_polarity_output_hotel_12481.json,1
normalized_polarity_output_hotel_3104.json,1
normalized_polarity_output_hotel_4937.json,3
normalized_polarity_output_hotel_1596.json,1
normalized_polarity_output_hotel_4666.json,3
normalized_polarity_output_hotel_10241.json,2
normalized_polarity_output_hotel_7958.json,1
normalized_polarity_output_hotel_5512.json,2
normalized_polarity_output_hotel_12413.json,1
normalized_polarity_output_hotel_7463.json,1
normalized_polarity_output_hotel_618.json,1
normalized_polarity_output_hotel_11164.json,1
normalized_polarity_output_hotel_11236.json,2
normalized_polarity_output_hotel_8485.json,1
normalized_polarity_output_hotel_2000.json,1
normalized_polarity_output_hotel_2055.json,3
normalized_polarity_output_hotel_428.json,3
normalized_polarity_output_hotel_10062.json,1
normalized_polarity_output_hotel_10941.json,2
normalized_polarity_output_hotel_1153.json,1
normalized_polarity_output_hotel_1290.json,2
normalized_polarity_output_hotel_11064.json,2
normalized_polarity_output_hotel_12473.json,2
normalized_polarity_output_hotel_292.json,3
normalized_polarity_output_hotel_7916.json,2
normalized_polarity_output_hotel_12237.json,1
normalized_polarity_output_hotel_10043.json,1
normalized_polarity_output_hotel_10773.json,3
normalized_polarity_output_hotel_11717.json,3
normalized_polarity_output_hotel_3526.json,3
normalized_polarity_output_hotel_11990.json,3
normalized_polarity_output_hotel_4775.json,2
normalized_polarity_output_hotel_2170.json,1
normalized_polarity_output_hotel_1120.json,1
normalized_polarity_output_hotel_2544.json,1
normalized_polarity_output_hotel_7588.json,3
normalized_polarity_output_hotel_9994.json,2
normalized_polarity_output_hotel_11619.json,3
normalized_polarity_output_hotel_1248.json,3
normalized_polarity_output_hotel_7075.json,1
normalized_polarity_output_hotel_12121.json,1
normalized_polarity_output_hotel_11044.json,2
normalized_polarity_output_hotel_207.json,1
normalized_polarity_output_hotel_11121.json,2
normalized_polarity_output_hotel_2960.json,3
normalized_polarity_output_hotel_5114.json,1
normalized_polarity_output_hotel_3055.json,3
normalized_polarity_output_hotel_188.json,2
normalized_polarity_output_hotel_11947.json,1
normalized_polarity_output_hotel_12415.json,1
normalized_polarity_output_hotel_1649.json,1
normalized_polarity_output_hotel_1534.json,1
normalized_polarity_output_hotel_1517.json,3
normalized_polarity_output_hotel_8057.json,1
normalized_polarity_output_hotel_4802.json,1
normalized_polarity_output_hotel_9747.json,1
normalized_polarity_output_hotel_12157.json,3
normalized_polarity_output_hotel_330.json,3
normalized_polarity_output_hotel_6000.json,1
normalized_polarity_output_hotel_12505.json,1
normalized_polarity_output_hotel_12431.json,1
normalized_polarity_output_hotel_222.json,3
normalized_polarity_output_hotel_2122.json,1
normalized_polarity_output_hotel_1939.json,1
normalized_polarity_output_hotel_4720.json,3
normalized_polarity_output_hotel_2052.json,1
normalized_polarity_output_hotel_1111.json,2
normalized_polarity_output_hotel_11704.json,1
normalized_polarity_output_hotel_863.json,3
normalized_polarity_output_hotel_12414.json,3
normalized_polarity_output_hotel_2769.json,1
normalized_polarity_output_hotel_166.json,3
normalized_polarity_output_hotel_4454.json,2
normalized_polarity_output_hotel_119.json,3
normalized_polarity_output_hotel_10262.json,1
normalized_polarity_output_hotel_945.json,1
normalized_polarity_output_hotel_4543.json,1
normalized_polarity_output_hotel_12097.json,3
normalized_polarity_output_hotel_598.json,1
normalized_polarity_output_hotel_5344.json,3
normalized_polarity_output_hotel_2164.json,3
normalized_polarity_output_hotel_873.json,1
normalized_polarity_output_hotel_12024.json,1
normalized_polarity_output_hotel_12453.json,3
normalized_polarity_output_hotel_8046.json,3
normalized_polarity_output_hotel_5932.json,3
normalized_polarity_output_hotel_1627.json,3
normalized_polarity_output_hotel_4674.json,3
normalized_polarity_output_hotel_1240.json,3
normalized_polarity_output_hotel_1639.json,1
normalized_polarity_output_hotel_11609.json,1
normalized_polarity_output_hotel_1783.json,1
normalized_polarity_output_hotel_1027.json,3
normalized_polarity_output_hotel_10414.json,1
normalized_polarity_output_hotel_534.json,1
normalized_polarity_output_hotel_12344.json,1
normalized_polarity_output_hotel_4452.json,3
normalized_polarity_output_hotel_12438.json,3
normalized_polarity_output_hotel_1394.json,1
normalized_polarity_output_hotel_1116.json,2
normalized_polarity_output_hotel_1105.json,2
normalized_polarity_output_hotel_11849.json,1
normalized_polarity_output_hotel_1963.json,2
normalized_polarity_output_hotel_11313.json,3
normalized_polarity_output_hotel_11548.json,2
normalized_polarity_output_hotel_5477.json,2
normalized_polarity_output_hotel_1729.json,2
normalized_polarity_output_hotel_7609.json,3
normalized_polarity_output_hotel_1741.json,1
normalized_polarity_output_hotel_8435.json,1
normalized_polarity_output_hotel_12041.json,3
normalized_polarity_output_hotel_702.json,1
normalized_polarity_output_hotel_7619.json,1
normalized_polarity_output_hotel_3711.json,3
normalized_polarity_output_hotel_8291.json,1
normalized_polarity_output_hotel_7302.json,1
normalized_polarity_output_hotel_7949.json,1
normalized_polarity_output_hotel_8176.json,1
normalized_polarity_output_hotel_11387.json,2
normalized_polarity_output_hotel_1577.json,1
normalized_polarity_output_hotel_3402.json,3
normalized_polarity_output_hotel_1494.json,1
normalized_polarity_output_hotel_4691.json,1
normalized_polarity_output_hotel_7904.json,3
normalized_polarity_output_hotel_10134.json,2
normalized_polarity_output_hotel_6222.json,1
normalized_polarity_output_hotel_1242.json,1
normalized_polarity_output_hotel_838.json,3
normalized_polarity_output_hotel_2762.json,3
normalized_polarity_output_hotel_546.json,1
normalized_polarity_output_hotel_6628.json,1
normalized_polarity_output_hotel_4299.json,2
normalized_polarity_output_hotel_7288.json,2
normalized_polarity_output_hotel_12420.json,2
normalized_polarity_output_hotel_3758.json,1
normalized_polarity_output_hotel_4778.json,1
normalized_polarity_output_hotel_10694.json,3
normalized_polarity_output_hotel_2808.json,1
normalized_polarity_output_hotel_12321.json,3
normalized_polarity_output_hotel_359.json,3
normalized_polarity_output_hotel_11339.json,2
normalized_polarity_output_hotel_11939.json,1
normalized_polarity_output_hotel_11951.json,1
normalized_polarity_output_hotel_9409.json,1
normalized_polarity_output_hotel_11526.json,1
normalized_polarity_output_hotel_2845.json,1
normalized_polarity_output_hotel_10959.json,3
normalized_polarity_output_hotel_11355.json,2
normalized_polarity_output_hotel_12492.json,1
normalized_polarity_output_hotel_9221.json,1
normalized_polarity_output_hotel_296.json,3
normalized_polarity_output_hotel_1472.json,3
normalized_polarity_output_hotel_1292.json,1
normalized_polarity_output_hotel_12489.json,1
normalized_polarity_output_hotel_10013.json,1
normalized_polarity_output_hotel_1528.json,1
normalized_polarity_output_hotel_2636.json,3
normalized_polarity_output_hotel_7470.json,2
normalized_polarity_output_hotel_3903.json,3
normalized_polarity_output_hotel_1823.json,1
normalized_polarity_output_hotel_5097.json,2
normalized_polarity_output_hotel_1908.json,2
normalized_polarity_output_hotel_3426.json,3
normalized_polarity_output_hotel_10890.json,1
normalized_polarity_output_hotel_10917.json,1
normalized_polarity_output_hotel_855.json,2
normalized_polarity_output_hotel_12258.json,3
normalized_polarity_output_hotel_1362.json,1
normalized_polarity_output_hotel_4696.json,3
normalized_polarity_output_hotel_994.json,3
normalized_polarity_output_hotel_1508.json,3
normalized_polarity_output_hotel_11135.json,1
normalized_polarity_output_hotel_950.json,3
normalized_polarity_output_hotel_1660.json,3
normalized_polarity_output_hotel_12468.json,1
normalized_polarity_output_hotel_162.json,1
normalized_polarity_output_hotel_7546.json,2
normalized_polarity_output_hotel_12034.json,1
normalized_polarity_output_hotel_5933.json,3
normalized_polarity_output_hotel_2070.json,2
normalized_polarity_output_hotel_2549.json,3
normalized_polarity_output_hotel_265.json,3
normalized_polarity_output_hotel_5847.json,3
normalized_polarity_output_hotel_12014.json,3
normalized_polarity_output_hotel_2010.json,2
normalized_polarity_output_hotel_11446.json,2
normalized_polarity_output_hotel_11549.json,1
normalized_polarity_output_hotel_1263.json,3
normalized_polarity_output_hotel_2586.json,2
normalized_polarity_output_hotel_4507.json,2
normalized_polarity_output_hotel_10929.json,1
normalized_polarity_output_hotel_11305.json,2
normalized_polarity_output_hotel_2568.json,1
normalized_polarity_output_hotel_1325.json,3
normalized_polarity_output_hotel_10897.json,1
normalized_polarity_output_hotel_5887.json,3
normalized_polarity_output_hotel_2979.json,3
normalized_polarity_output_hotel_6004.json,3
normalized_polarity_output_hotel_1282.json,3
normalized_polarity_output_hotel_9925.json,1
normalized_polarity_output_hotel_147.json,1
normalized_polarity_output_hotel_9489.json,3
normalized_polarity_output_hotel_6945.json,2
normalized_polarity_output_hotel_5131.json,2
normalized_polarity_output_hotel_1648.json,1
normalized_polarity_output_hotel_5205.json,2
normalized_polarity_output_hotel_11126.json,1
normalized_polarity_output_hotel_12447.json,1
normalized_polarity_output_hotel_1374.json,3
normalized_polarity_output_hotel_11877.json,3
normalized_polarity_output_hotel_11014.json,3
normalized_polarity_output_hotel_11614.json,1
normalized_polarity_output_hotel_1465.json,3
normalized_polarity_output_hotel_12541.json,1
normalized_polarity_output_hotel_2877.json,2
normalized_polarity_output_hotel_2069.json,3
normalized_polarity_output_hotel_4886.json,2
normalized_polarity_output_hotel_2761.json,1
normalized_polarity_output_hotel_9891.json,2
normalized_polarity_output_hotel_2361.json,2
normalized_polarity_output_hotel_8222.json,2
normalized_polarity_output_hotel_8981.json,2
normalized_polarity_output_hotel_350.json,2
normalized_polarity_output_hotel_12575.json,1
normalized_polarity_output_hotel_11845.json,3
normalized_polarity_output_hotel_640.json,1
normalized_polarity_output_hotel_12419.json,3
normalized_polarity_output_hotel_10575.json,3
normalized_polarity_output_hotel_928.json,3
normalized_polarity_output_hotel_10743.json,2
normalized_polarity_output_hotel_1442.json,1
normalized_polarity_output_hotel_12138.json,1
normalized_polarity_output_hotel_12177.json,3
normalized_polarity_output_hotel_12187.json,1
normalized_polarity_output_hotel_5958.json,1
normalized_polarity_output_hotel_926.json,1
normalized_polarity_output_hotel_509.json,3
normalized_polarity_output_hotel_1136.json,2
normalized_polarity_output_hotel_3789.json,2
normalized_polarity_output_hotel_12351.json,3
normalized_polarity_output_hotel_2987.json,1
normalized_polarity_output_hotel_11150.json,1
normalized_polarity_output_hotel_11322.json,3
normalized_polarity_output_hotel_8062.json,2
normalized_polarity_output_hotel_10942.json,3
normalized_polarity_output_hotel_11098.json,1
normalized_polarity_output_hotel_11149.json,2
normalized_polarity_output_hotel_791.json,1
normalized_polarity_output_hotel_1880.json,3
normalized_polarity_output_hotel_11343.json,2
normalized_polarity_output_hotel_9116.json,3
normalized_polarity_output_hotel_12559.json,3
normalized_polarity_output_hotel_1628.json,3
normalized_polarity_output_hotel_212.json,3
normalized_polarity_output_hotel_1608.json,1
normalized_polarity_output_hotel_5951.json,1
normalized_polarity_output_hotel_6687.json,1
normalized_polarity_output_hotel_11009.json,3
normalized_polarity_output_hotel_10038.json,2
normalized_polarity_output_hotel_9940.json,1
normalized_polarity_output_hotel_4063.json,3
normalized_polarity_output_hotel_635.json,1
normalized_polarity_output_hotel_10901.json,2
normalized_polarity_output_hotel_12410.json,3
normalized_polarity_output_hotel_5801.json,3
normalized_polarity_output_hotel_3466.json,1
normalized_polarity_output_hotel_10705.json,2
normalized_polarity_output_hotel_5993.json,3
normalized_polarity_output_hotel_2986.json,1
normalized_polarity_output_hotel_419.json,1
normalized_polarity_output_hotel_7857.json,1
normalized_polarity_output_hotel_11169.json,1
normalized_polarity_output_hotel_3439.json,2
normalized_polarity_output_hotel_2784.json,3
normalized_polarity_output_hotel_3358.json,2
normalized_polarity_output_hotel_5624.json,2
normalized_polarity_output_hotel_3197.json,2
normalized_polarity_output_hotel_2720.json,3
normalized_polarity_output_hotel_300.json,1
normalized_polarity_output_hotel_12370.json,1
normalized_polarity_output_hotel_930.json,1
normalized_polarity_output_hotel_9948.json,1
normalized_polarity_output_hotel_12462.json,3
normalized_polarity_output_hotel_7393.json,3
normalized_polarity_output_hotel_1840.json,3
normalized_polarity_output_hotel_11148.json,1
normalized_polarity_output_hotel_5030.json,2
normalized_polarity_output_hotel_1703.json,2
normalized_polarity_output_hotel_992.json,1
normalized_polarity_output_hotel_5169.json,1
normalized_polarity_output_hotel_582.json,2
normalized_polarity_output_hotel_5944.json,2
normalized_polarity_output_hotel_9738.json,1
normalized_polarity_output_hotel_1119.json,3
normalized_polarity_output_hotel_2368.json,3
normalized_polarity_output_hotel_12231.json,3
normalized_polarity_output_hotel_11207.json,1
normalized_polarity_output_hotel_11638.json,1
normalized_polarity_output_hotel_375.json,1
normalized_polarity_output_hotel_4624.json,3
normalized_polarity_output_hotel_10916.json,1
normalized_polarity_output_hotel_508.json,3
normalized_polarity_output_hotel_12441.json,1
normalized_polarity_output_hotel_4482.json,3
normalized_polarity_output_hotel_10760.json,1
normalized_polarity_output_hotel_12501.json,3
normalized_polarity_output_hotel_954.json,1
normalized_polarity_output_hotel_8757.json,1
normalized_polarity_output_hotel_3418.json,3
normalized_polarity_output_hotel_5701.json,1
normalized_polarity_output_hotel_3975.json,2
normalized_polarity_output_hotel_495.json,1
normalized_polarity_output_hotel_219.json,1
normalized_polarity_output_hotel_11251.json,2
normalized_polarity_output_hotel_11943.json,1
normalized_polarity_output_hotel_5338.json,3
normalized_polarity_output_hotel_12125.json,3
normalized_polarity_output_hotel_8809.json,1
normalized_polarity_output_hotel_203.json,3
normalized_polarity_output_hotel_2169.json,3
normalized_polarity_output_hotel_12361.json,1
normalized_polarity_output_hotel_160.json,3
normalized_polarity_output_hotel_10957.json,2
normalized_polarity_output_hotel_1874.json,1
normalized_polarity_output_hotel_1230.json,1
normalized_polarity_output_hotel_597.json,1
normalized_polarity_output_hotel_8424.json,3
normalized_polarity_output_hotel_12759.json,1
normalized_polarity_output_hotel_621.json,3
normalized_polarity_output_hotel_11055.json,2
normalized_polarity_output_hotel_6027.json,1
normalized_polarity_output_hotel_12449.json,1
normalized_polarity_output_hotel_8844.json,1
normalized_polarity_output_hotel_1601.json,3
normalized_polarity_output_hotel_946.json,2
normalized_polarity_output_hotel_2622.json,3
normalized_polarity_output_hotel_923.json,1
normalized_polarity_output_hotel_573.json,1
normalized_polarity_output_hotel_3365.json,2
normalized_polarity_output_hotel_10364.json,1
normalized_polarity_output_hotel_11242.json,1
normalized_polarity_output_hotel_3680.json,3
normalized_polarity_output_hotel_4950.json,1
normalized_polarity_output_hotel_11678.json,1
normalized_polarity_output_hotel_11213.json,1
normalized_polarity_output_hotel_4678.json,3
normalized_polarity_output_hotel_12533.json,1
normalized_polarity_output_hotel_11342.json,2
normalized_polarity_output_hotel_5741.json,3
normalized_polarity_output_hotel_1280.json,3
normalized_polarity_output_hotel_12137.json,3
normalized_polarity_output_hotel_8112.json,1
normalized_polarity_output_hotel_11127.json,1
normalized_polarity_output_hotel_12543.json,1
normalized_polarity_output_hotel_603.json,1
normalized_polarity_output_hotel_10541.json,1
normalized_polarity_output_hotel_525.json,2
normalized_polarity_output_hotel_2933.json,1
normalized_polarity_output_hotel_4609.json,1
normalized_polarity_output_hotel_11326.json,3
normalized_polarity_output_hotel_3053.json,1
normalized_polarity_output_hotel_4992.json,2
normalized_polarity_output_hotel_5253.json,2
normalized_polarity_output_hotel_12512.json,1
normalized_polarity_output_hotel_5580.json,1
normalized_polarity_output_hotel_1665.json,1
normalized_polarity_output_hotel_9851.json,2
normalized_polarity_output_hotel_6646.json,1
normalized_polarity_output_hotel_1872.json,3
normalized_polarity_output_hotel_10074.json,1
normalized_polarity_output_hotel_11416.json,2
normalized_polarity_output_hotel_11656.json,1
normalized_polarity_output_hotel_12185.json,3
normalized_polarity_output_hotel_5893.json,3
normalized_polarity_output_hotel_9521.json,3
normalized_polarity_output_hotel_7226.json,1
normalized_polarity_output_hotel_12100.json,3
normalized_polarity_output_hotel_11847.json,1
normalized_polarity_output_hotel_9926.json,1
normalized_polarity_output_hotel_12229.json,3
normalized_polarity_output_hotel_518.json,3
normalized_polarity_output_hotel_4147.json,1
normalized_polarity_output_hotel_11449.json,1
normalized_polarity_output_hotel_880.json,3
normalized_polarity_output_hotel_6401.json,1
normalized_polarity_output_hotel_12147.json,3
normalized_polarity_output_hotel_7215.json,1
normalized_polarity_output_hotel_11194.json,1
normalized_polarity_output_hotel_6488.json,3
normalized_polarity_output_hotel_12109.json,3
normalized_polarity_output_hotel_44.json,1
normalized_polarity_output_hotel_12408.json,1
normalized_polarity_output_hotel_3576.json,3
normalized_polarity_output_hotel_8971.json,2
normalized_polarity_output_hotel_10039.json,3
normalized_polarity_output_hotel_2916.json,3
normalized_polarity_output_hotel_2280.json,3
normalized_polarity_output_hotel_11152.json,1
normalized_polarity_output_hotel_11095.json,2
normalized_polarity_output_hotel_3128.json,1
normalized_polarity_output_hotel_11933.json,1
normalized_polarity_output_hotel_599.json,1
normalized_polarity_output_hotel_637.json,3
normalized_polarity_output_hotel_4636.json,3
normalized_polarity_output_hotel_1279.json,1
normalized_polarity_output_hotel_8747.json,1
normalized_polarity_output_hotel_7246.json,3
normalized_polarity_output_hotel_11469.json,3
normalized_polarity_output_hotel_462.json,1
normalized_polarity_output_hotel_149.json,3
normalized_polarity_output_hotel_2123.json,3
normalized_polarity_output_hotel_9786.json,2
normalized_polarity_output_hotel_4955.json,1
normalized_polarity_output_hotel_1449.json,3
normalized_polarity_output_hotel_466.json,2
normalized_polarity_output_hotel_10913.json,2
normalized_polarity_output_hotel_8064.json,2
normalized_polarity_output_hotel_6708.json,2
normalized_polarity_output_hotel_788.json,1
normalized_polarity_output_hotel_10589.json,1
normalized_polarity_output_hotel_12466.json,1
normalized_polarity_output_hotel_1595.json,3
normalized_polarity_output_hotel_3536.json,2
normalized_polarity_output_hotel_5508.json,1
normalized_polarity_output_hotel_261.json,1
normalized_polarity_output_hotel_763.json,3
normalized_polarity_output_hotel_6895.json,1
normalized_polarity_output_hotel_756.json,3
normalized_polarity_output_hotel_11980.json,1
normalized_polarity_output_hotel_1824.json,3
normalized_polarity_output_hotel_12058.json,1
normalized_polarity_output_hotel_1983.json,1
normalized_polarity_output_hotel_1026.json,3
normalized_polarity_output_hotel_2897.json,1
normalized_polarity_output_hotel_2998.json,1
normalized_polarity_output_hotel_5031.json,1
normalized_polarity_output_hotel_3226.json,3
normalized_polarity_output_hotel_3012.json,1
normalized_polarity_output_hotel_12536.json,3
normalized_polarity_output_hotel_10056.json,1
normalized_polarity_output_hotel_1593.json,2
normalized_polarity_output_hotel_12678.json,1
normalized_polarity_output_hotel_11942.json,3
normalized_polarity_output_hotel_11542.json,2
normalized_polarity_output_hotel_4633.json,3
normalized_polarity_output_hotel_4663.json,3
normalized_polarity_output_hotel_9360.json,2
normalized_polarity_output_hotel_7968.json,1
normalized_polarity_output_hotel_4247.json,2
normalized_polarity_output_hotel_12189.json,3
normalized_polarity_output_hotel_11851.json,3
normalized_polarity_output_hotel_10955.json,2
normalized_polarity_output_hotel_4941.json,1
normalized_polarity_output_hotel_7727.json,1
normalized_polarity_output_hotel_12409.json,1
normalized_polarity_output_hotel_10697.json,2
normalized_polarity_output_hotel_723.json,3
normalized_polarity_output_hotel_507.json,3
normalized_polarity_output_hotel_11211.json,1
normalized_polarity_output_hotel_2118.json,3
normalized_polarity_output_hotel_11226.json,1
normalized_polarity_output_hotel_11329.json,3
normalized_polarity_output_hotel_1397.json,3
normalized_polarity_output_hotel_12445.json,1
normalized_polarity_output_hotel_561.json,2
normalized_polarity_output_hotel_11567.json,3
normalized_polarity_output_hotel_10937.json,2
normalized_polarity_output_hotel_12595.json,3
normalized_polarity_output_hotel_768.json,1
normalized_polarity_output_hotel_10954.json,2
normalized_polarity_output_hotel_12460.json,1
normalized_polarity_output_hotel_8422.json,1
normalized_polarity_output_hotel_12311.json,3
normalized_polarity_output_hotel_3848.json,2
normalized_polarity_output_hotel_11200.json,1
normalized_polarity_output_hotel_577.json,1
normalized_polarity_output_hotel_11576.json,1
normalized_polarity_output_hotel_12347.json,3
normalized_polarity_output_hotel_1276.json,3
normalized_polarity_output_hotel_11589.json,3
normalized_polarity_output_hotel_293.json,3
normalized_polarity_output_hotel_12448.json,3
normalized_polarity_output_hotel_3315.json,2
normalized_polarity_output_hotel_12476.json,1
normalized_polarity_output_hotel_12702.json,1
normalized_polarity_output_hotel_11197.json,2
normalized_polarity_output_hotel_4588.json,3
normalized_polarity_output_hotel_2204.json,3
normalized_polarity_output_hotel_1358.json,3
normalized_polarity_output_hotel_4788.json,2
normalized_polarity_output_hotel_616.json,3
normalized_polarity_output_hotel_8533.json,1
normalized_polarity_output_hotel_12166.json,3
normalized_polarity_output_hotel_12353.json,1
normalized_polarity_output_hotel_10696.json,2
normalized_polarity_output_hotel_10921.json,2
normalized_polarity_output_hotel_4988.json,1
normalized_polarity_output_hotel_4015.json,4
normalized_polarity_output_hotel_3195.json,4
normalized_polarity_output_hotel_4734.json,4
normalized_polarity_output_hotel_2209.json,4
normalized_polarity_output_hotel_11338.json,4
normalized_polarity_output_hotel_11527.json,4
normalized_polarity_output_hotel_11337.json,4
normalized_polarity_output_hotel_4953.json,4
normalized_polarity_output_hotel_9495.json,4
normalized_polarity_output_hotel_541.json,4
normalized_polarity_output_hotel_1212.json,4
normalized_polarity_output_hotel_1797.json,4
normalized_polarity_output_hotel_4655.json,4
normalized_polarity_output_hotel_11369.json,4
normalized_polarity_output_hotel_11370.json,4
normalized_polarity_output_hotel_9024.json,4
normalized_polarity_output_hotel_5925.json,4
normalized_polarity_output_hotel_2725.json,4
normalized_polarity_output_hotel_11486.json,4